filename,path
I15800.nii,Dataset/ADNI_BET/I15800.nii
I17608.nii,Dataset/ADNI_BET/I17608.nii
I20087.nii,Dataset/ADNI_BET/I20087.nii
I25406.nii,Dataset/ADNI_BET/I25406.nii
I29285.nii,Dataset/ADNI_BET/I29285.nii
I33831.nii,Dataset/ADNI_BET/I33831.nii
I33623.nii,Dataset/ADNI_BET/I33623.nii
I41799.nii,Dataset/ADNI_BET/I41799.nii
I43201.nii,Dataset/ADNI_BET/I43201.nii
I41806.nii,Dataset/ADNI_BET/I41806.nii
I14067.nii,Dataset/ADNI_BET/I14067.nii
I15935.nii,Dataset/ADNI_BET/I15935.nii
I17619.nii,Dataset/ADNI_BET/I17619.nii
I20023.nii,Dataset/ADNI_BET/I20023.nii
I19615.nii,Dataset/ADNI_BET/I19615.nii
I24734.nii,Dataset/ADNI_BET/I24734.nii
I37761.nii,Dataset/ADNI_BET/I37761.nii
I38482.nii,Dataset/ADNI_BET/I38482.nii
I47669.nii,Dataset/ADNI_BET/I47669.nii
I19210.nii,Dataset/ADNI_BET/I19210.nii
I28962.nii,Dataset/ADNI_BET/I28962.nii
I37402.nii,Dataset/ADNI_BET/I37402.nii
I45618.nii,Dataset/ADNI_BET/I45618.nii
I44551.nii,Dataset/ADNI_BET/I44551.nii
I35294.nii,Dataset/ADNI_BET/I35294.nii
I30829.nii,Dataset/ADNI_BET/I30829.nii
I47627.nii,Dataset/ADNI_BET/I47627.nii
I23823.nii,Dataset/ADNI_BET/I23823.nii
I36683.nii,Dataset/ADNI_BET/I36683.nii
I36695.nii,Dataset/ADNI_BET/I36695.nii
I49945.nii,Dataset/ADNI_BET/I49945.nii
I45096.nii,Dataset/ADNI_BET/I45096.nii
I48263.nii,Dataset/ADNI_BET/I48263.nii
I16559.nii,Dataset/ADNI_BET/I16559.nii
I15109.nii,Dataset/ADNI_BET/I15109.nii
I17511.nii,Dataset/ADNI_BET/I17511.nii
I17168.nii,Dataset/ADNI_BET/I17168.nii
I17450.nii,Dataset/ADNI_BET/I17450.nii
I19092.nii,Dataset/ADNI_BET/I19092.nii
I44672.nii,Dataset/ADNI_BET/I44672.nii
I13755.nii,Dataset/ADNI_BET/I13755.nii
I24075.nii,Dataset/ADNI_BET/I24075.nii
I8248.nii,Dataset/ADNI_BET/I8248.nii
I8298.nii,Dataset/ADNI_BET/I8298.nii
I9329.nii,Dataset/ADNI_BET/I9329.nii
I9530.nii,Dataset/ADNI_BET/I9530.nii
I9856.nii,Dataset/ADNI_BET/I9856.nii
I10861.nii,Dataset/ADNI_BET/I10861.nii
I13417.nii,Dataset/ADNI_BET/I13417.nii
I14257.nii,Dataset/ADNI_BET/I14257.nii
I14598.nii,Dataset/ADNI_BET/I14598.nii
I17219.nii,Dataset/ADNI_BET/I17219.nii
I19553.nii,Dataset/ADNI_BET/I19553.nii
I18906.nii,Dataset/ADNI_BET/I18906.nii
I24573.nii,Dataset/ADNI_BET/I24573.nii
I25388.nii,Dataset/ADNI_BET/I25388.nii
I26376.nii,Dataset/ADNI_BET/I26376.nii
I26429.nii,Dataset/ADNI_BET/I26429.nii
I29859.nii,Dataset/ADNI_BET/I29859.nii
I31765.nii,Dataset/ADNI_BET/I31765.nii
I33001.nii,Dataset/ADNI_BET/I33001.nii
I36378.nii,Dataset/ADNI_BET/I36378.nii
I41204.nii,Dataset/ADNI_BET/I41204.nii
I41191.nii,Dataset/ADNI_BET/I41191.nii
I15098.nii,Dataset/ADNI_BET/I15098.nii
I14881.nii,Dataset/ADNI_BET/I14881.nii
I15330.nii,Dataset/ADNI_BET/I15330.nii
I16224.nii,Dataset/ADNI_BET/I16224.nii
I25344.nii,Dataset/ADNI_BET/I25344.nii
I38417.nii,Dataset/ADNI_BET/I38417.nii
I33053.nii,Dataset/ADNI_BET/I33053.nii
I42071.nii,Dataset/ADNI_BET/I42071.nii
I46992.nii,Dataset/ADNI_BET/I46992.nii
I45081.nii,Dataset/ADNI_BET/I45081.nii
I16847.nii,Dataset/ADNI_BET/I16847.nii
I24949.nii,Dataset/ADNI_BET/I24949.nii
I31869.nii,Dataset/ADNI_BET/I31869.nii
I38219.nii,Dataset/ADNI_BET/I38219.nii
I11954.nii,Dataset/ADNI_BET/I11954.nii
I16651.nii,Dataset/ADNI_BET/I16651.nii
I26006.nii,Dataset/ADNI_BET/I26006.nii
I37523.nii,Dataset/ADNI_BET/I37523.nii
I37499.nii,Dataset/ADNI_BET/I37499.nii
I17243.nii,Dataset/ADNI_BET/I17243.nii
I20406.nii,Dataset/ADNI_BET/I20406.nii
I20670.nii,Dataset/ADNI_BET/I20670.nii
I21947.nii,Dataset/ADNI_BET/I21947.nii
I27336.nii,Dataset/ADNI_BET/I27336.nii
I27686.nii,Dataset/ADNI_BET/I27686.nii
I29604.nii,Dataset/ADNI_BET/I29604.nii
I32713.nii,Dataset/ADNI_BET/I32713.nii
I33533.nii,Dataset/ADNI_BET/I33533.nii
I42668.nii,Dataset/ADNI_BET/I42668.nii
I44654.nii,Dataset/ADNI_BET/I44654.nii
I14468.nii,Dataset/ADNI_BET/I14468.nii
I17419.nii,Dataset/ADNI_BET/I17419.nii
I38821.nii,Dataset/ADNI_BET/I38821.nii
I37606.nii,Dataset/ADNI_BET/I37606.nii
I38262.nii,Dataset/ADNI_BET/I38262.nii
I36802.nii,Dataset/ADNI_BET/I36802.nii
I51349.nii,Dataset/ADNI_BET/I51349.nii
I51376.nii,Dataset/ADNI_BET/I51376.nii
I41845.nii,Dataset/ADNI_BET/I41845.nii
I43812.nii,Dataset/ADNI_BET/I43812.nii
I16569.nii,Dataset/ADNI_BET/I16569.nii
I20809.nii,Dataset/ADNI_BET/I20809.nii
I27613.nii,Dataset/ADNI_BET/I27613.nii
I37256.nii,Dataset/ADNI_BET/I37256.nii
I47973.nii,Dataset/ADNI_BET/I47973.nii
I16563.nii,Dataset/ADNI_BET/I16563.nii
I19071.nii,Dataset/ADNI_BET/I19071.nii
I18926.nii,Dataset/ADNI_BET/I18926.nii
I45310.nii,Dataset/ADNI_BET/I45310.nii
I38369.nii,Dataset/ADNI_BET/I38369.nii
I13190.nii,Dataset/ADNI_BET/I13190.nii
I19113.nii,Dataset/ADNI_BET/I19113.nii
I19679.nii,Dataset/ADNI_BET/I19679.nii
I41448.nii,Dataset/ADNI_BET/I41448.nii
I46457.nii,Dataset/ADNI_BET/I46457.nii
I45610.nii,Dataset/ADNI_BET/I45610.nii
I16165.nii,Dataset/ADNI_BET/I16165.nii
I17318.nii,Dataset/ADNI_BET/I17318.nii
I18444.nii,Dataset/ADNI_BET/I18444.nii
I20375.nii,Dataset/ADNI_BET/I20375.nii
I24047.nii,Dataset/ADNI_BET/I24047.nii
I24036.nii,Dataset/ADNI_BET/I24036.nii
I42154.nii,Dataset/ADNI_BET/I42154.nii
I17176.nii,Dataset/ADNI_BET/I17176.nii
I65796.nii,Dataset/ADNI_BET/I65796.nii
I14379.nii,Dataset/ADNI_BET/I14379.nii
I17712.nii,Dataset/ADNI_BET/I17712.nii
I36291.nii,Dataset/ADNI_BET/I36291.nii
I40363.nii,Dataset/ADNI_BET/I40363.nii
I18390.nii,Dataset/ADNI_BET/I18390.nii
I26702.nii,Dataset/ADNI_BET/I26702.nii
I29622.nii,Dataset/ADNI_BET/I29622.nii
I14251.nii,Dataset/ADNI_BET/I14251.nii
I15959.nii,Dataset/ADNI_BET/I15959.nii
I16523.nii,Dataset/ADNI_BET/I16523.nii
I20681.nii,Dataset/ADNI_BET/I20681.nii
I49328.nii,Dataset/ADNI_BET/I49328.nii
I52707.nii,Dataset/ADNI_BET/I52707.nii
I15756.nii,Dataset/ADNI_BET/I15756.nii
I16437.nii,Dataset/ADNI_BET/I16437.nii
I16335.nii,Dataset/ADNI_BET/I16335.nii
I18380.nii,Dataset/ADNI_BET/I18380.nii
I19233.nii,Dataset/ADNI_BET/I19233.nii
I43166.nii,Dataset/ADNI_BET/I43166.nii
I30787.nii,Dataset/ADNI_BET/I30787.nii
I26609.nii,Dataset/ADNI_BET/I26609.nii
I24994.nii,Dataset/ADNI_BET/I24994.nii
I27400.nii,Dataset/ADNI_BET/I27400.nii
I36702.nii,Dataset/ADNI_BET/I36702.nii
I29903.nii,Dataset/ADNI_BET/I29903.nii
I32117.nii,Dataset/ADNI_BET/I32117.nii
I36757.nii,Dataset/ADNI_BET/I36757.nii
I14712.nii,Dataset/ADNI_BET/I14712.nii
I12444.nii,Dataset/ADNI_BET/I12444.nii
I14154.nii,Dataset/ADNI_BET/I14154.nii
I12848.nii,Dataset/ADNI_BET/I12848.nii
I14326.nii,Dataset/ADNI_BET/I14326.nii
I15181.nii,Dataset/ADNI_BET/I15181.nii
I16719.nii,Dataset/ADNI_BET/I16719.nii
I16172.nii,Dataset/ADNI_BET/I16172.nii
I17543.nii,Dataset/ADNI_BET/I17543.nii
I18576.nii,Dataset/ADNI_BET/I18576.nii
I41169.nii,Dataset/ADNI_BET/I41169.nii
sub-OAS30001_sess-d0129_run-01_T1w.nii,Dataset/OASIS_BET/sub-OAS30001_sess-d0129_run-01_T1w.nii
sub-OAS30002_ses-d0371_T1w.nii,Dataset/OASIS_BET/sub-OAS30002_ses-d0371_T1w.nii
sub-OAS30003_sess-d0558_run-01_T1w.nii,Dataset/OASIS_BET/sub-OAS30003_sess-d0558_run-01_T1w.nii
sub-OAS30004_sess-d1101_run-01_T1w.nii,Dataset/OASIS_BET/sub-OAS30004_sess-d1101_run-01_T1w.nii
sub-OAS30005_ses-d0143_T1w.nii,Dataset/OASIS_BET/sub-OAS30005_ses-d0143_T1w.nii
sub-OAS30006_sess-d0166_T1w.nii,Dataset/OASIS_BET/sub-OAS30006_sess-d0166_T1w.nii
sub-OAS30007_sess-d2722_T1w.nii,Dataset/OASIS_BET/sub-OAS30007_sess-d2722_T1w.nii
sub-OAS30008_sess-d0061_run-01_T1w.nii,Dataset/OASIS_BET/sub-OAS30008_sess-d0061_run-01_T1w.nii
sub-OAS30009_sess-d0148_run-01_T1w.nii,Dataset/OASIS_BET/sub-OAS30009_sess-d0148_run-01_T1w.nii
sub-OAS30010_sess-d0068_T1w.nii,Dataset/OASIS_BET/sub-OAS30010_sess-d0068_T1w.nii
sub-OAS30011_sess-d0055_T1w.nii,Dataset/OASIS_BET/sub-OAS30011_sess-d0055_T1w.nii
sub-OAS30013_sess-d0102_T1w.nii,Dataset/OASIS_BET/sub-OAS30013_sess-d0102_T1w.nii
sub-OAS30014_sess-d0196_run-01_T1w.nii,Dataset/OASIS_BET/sub-OAS30014_sess-d0196_run-01_T1w.nii
sub-OAS30015_sess-d0116_run-01_T1w.nii,Dataset/OASIS_BET/sub-OAS30015_sess-d0116_run-01_T1w.nii
sub-OAS30016_sess-d0021_T1w.nii,Dataset/OASIS_BET/sub-OAS30016_sess-d0021_T1w.nii
sub-OAS30017_sess-d0054_run-01_T1w.nii,Dataset/OASIS_BET/sub-OAS30017_sess-d0054_run-01_T1w.nii
sub-OAS30018_sess-d0070_run-01_T1w.nii,Dataset/OASIS_BET/sub-OAS30018_sess-d0070_run-01_T1w.nii
sub-OAS30019_sess-d0376_T1w.nii,Dataset/OASIS_BET/sub-OAS30019_sess-d0376_T1w.nii
sub-OAS30021_sess-d0071_T1w.nii,Dataset/OASIS_BET/sub-OAS30021_sess-d0071_T1w.nii
sub-OAS30024_sess-d0084_T1w.nii,Dataset/OASIS_BET/sub-OAS30024_sess-d0084_T1w.nii
sub-OAS30026_sess-d0048_T1w.nii,Dataset/OASIS_BET/sub-OAS30026_sess-d0048_T1w.nii
sub-OAS30028_sess-d0043_run-01_T1w.nii,Dataset/OASIS_BET/sub-OAS30028_sess-d0043_run-01_T1w.nii
sub-OAS30029_sess-d0893_T1w.nii,Dataset/OASIS_BET/sub-OAS30029_sess-d0893_T1w.nii
sub-OAS30030_sess-d0170_T1w.nii,Dataset/OASIS_BET/sub-OAS30030_sess-d0170_T1w.nii
sub-OAS30031_sess-d0427_run-01_T1w.nii,Dataset/OASIS_BET/sub-OAS30031_sess-d0427_run-01_T1w.nii
sub-OAS30033_sess-d0133_run-01_T1w.nii,Dataset/OASIS_BET/sub-OAS30033_sess-d0133_run-01_T1w.nii
sub-OAS30034_sess-d0044_T1w.nii,Dataset/OASIS_BET/sub-OAS30034_sess-d0044_T1w.nii
sub-OAS30035_sess-d2218_run-01_T1w.nii,Dataset/OASIS_BET/sub-OAS30035_sess-d2218_run-01_T1w.nii
sub-OAS30036_sess-d0059_T1w.nii,Dataset/OASIS_BET/sub-OAS30036_sess-d0059_T1w.nii
sub-OAS30037_sess-d0154_T1w.nii,Dataset/OASIS_BET/sub-OAS30037_sess-d0154_T1w.nii
sub-OAS30039_sess-d0103_T1w.nii,Dataset/OASIS_BET/sub-OAS30039_sess-d0103_T1w.nii
sub-OAS30042_sess-d0067_T1w.nii,Dataset/OASIS_BET/sub-OAS30042_sess-d0067_T1w.nii
sub-OAS30043_sess-d0145_T1w.nii,Dataset/OASIS_BET/sub-OAS30043_sess-d0145_T1w.nii
sub-OAS30044_sess-d0054_T1w.nii,Dataset/OASIS_BET/sub-OAS30044_sess-d0054_T1w.nii
sub-OAS30046_sess-d0072_run-01_T1w.nii,Dataset/OASIS_BET/sub-OAS30046_sess-d0072_run-01_T1w.nii
sub-OAS30049_sess-d0013_run-01_T1w.nii,Dataset/OASIS_BET/sub-OAS30049_sess-d0013_run-01_T1w.nii
sub-OAS30050_sess-d0110_T1w.nii,Dataset/OASIS_BET/sub-OAS30050_sess-d0110_T1w.nii
sub-OAS30051_sess-d0200_run-01_T1w.nii,Dataset/OASIS_BET/sub-OAS30051_sess-d0200_run-01_T1w.nii
sub-OAS30052_sess-d2709_T1w.nii,Dataset/OASIS_BET/sub-OAS30052_sess-d2709_T1w.nii
sub-OAS30053_ses-d0428_run-01_T1w.nii,Dataset/OASIS_BET/sub-OAS30053_ses-d0428_run-01_T1w.nii
sub-OAS30056_ses-d3491_T1w.nii,Dataset/OASIS_BET/sub-OAS30056_ses-d3491_T1w.nii
sub-OAS30057_sess-d0075_T1w.nii,Dataset/OASIS_BET/sub-OAS30057_sess-d0075_T1w.nii
sub-OAS30060_sess-d0074_run-01_T1w.nii,Dataset/OASIS_BET/sub-OAS30060_sess-d0074_run-01_T1w.nii
sub-OAS30063_sess-d0160_run-01_T1w.nii,Dataset/OASIS_BET/sub-OAS30063_sess-d0160_run-01_T1w.nii
sub-OAS30064_sess-d0687_run-01_T1w.nii,Dataset/OASIS_BET/sub-OAS30064_sess-d0687_run-01_T1w.nii
sub-OAS30065_sess-d0548_T1w.nii,Dataset/OASIS_BET/sub-OAS30065_sess-d0548_T1w.nii
sub-OAS30066_sess-d0524_T1w.nii,Dataset/OASIS_BET/sub-OAS30066_sess-d0524_T1w.nii
sub-OAS30067_sess-d0057_T1w.nii,Dataset/OASIS_BET/sub-OAS30067_sess-d0057_T1w.nii
sub-OAS30068_sess-d0076_T1w.nii,Dataset/OASIS_BET/sub-OAS30068_sess-d0076_T1w.nii
sub-OAS30070_sess-d0070_T1w.nii,Dataset/OASIS_BET/sub-OAS30070_sess-d0070_T1w.nii
sub-OAS30071_sess-d0018_T1w.nii,Dataset/OASIS_BET/sub-OAS30071_sess-d0018_T1w.nii
sub-OAS30072_sess-d1379_run-01_T1w.nii,Dataset/OASIS_BET/sub-OAS30072_sess-d1379_run-01_T1w.nii
sub-OAS30074_sess-d0049_run-01_T1w.nii,Dataset/OASIS_BET/sub-OAS30074_sess-d0049_run-01_T1w.nii
sub-OAS30075_sess-d0143_T1w.nii,Dataset/OASIS_BET/sub-OAS30075_sess-d0143_T1w.nii
sub-OAS30077_sess-d0944_T1w.nii,Dataset/OASIS_BET/sub-OAS30077_sess-d0944_T1w.nii
sub-OAS30078_sess-d0210_run-01_T1w.nii,Dataset/OASIS_BET/sub-OAS30078_sess-d0210_run-01_T1w.nii
sub-OAS30079_sess-d0019_run-01_T1w.nii,Dataset/OASIS_BET/sub-OAS30079_sess-d0019_run-01_T1w.nii
sub-OAS30080_sess-d0048_T1w.nii,Dataset/OASIS_BET/sub-OAS30080_sess-d0048_T1w.nii
sub-OAS30082_sess-d1700_run-01_T1w.nii,Dataset/OASIS_BET/sub-OAS30082_sess-d1700_run-01_T1w.nii
sub-OAS30083_sess-d0465_run-01_T1w.nii,Dataset/OASIS_BET/sub-OAS30083_sess-d0465_run-01_T1w.nii
sub-OAS30084_sess-d0470_run-01_T1w.nii,Dataset/OASIS_BET/sub-OAS30084_sess-d0470_run-01_T1w.nii
sub-OAS30085_sess-d1566_T1w.nii,Dataset/OASIS_BET/sub-OAS30085_sess-d1566_T1w.nii
sub-OAS30086_sess-d0000_run-01_T1w.nii,Dataset/OASIS_BET/sub-OAS30086_sess-d0000_run-01_T1w.nii
sub-OAS30088_sess-d0093_run-01_T1w.nii,Dataset/OASIS_BET/sub-OAS30088_sess-d0093_run-01_T1w.nii
sub-OAS30089_sess-d0001_T1w.nii,Dataset/OASIS_BET/sub-OAS30089_sess-d0001_T1w.nii
sub-OAS30090_sess-d0118_T1w.nii,Dataset/OASIS_BET/sub-OAS30090_sess-d0118_T1w.nii
sub-OAS30091_sess-d0092_run-01_T1w.nii,Dataset/OASIS_BET/sub-OAS30091_sess-d0092_run-01_T1w.nii
sub-OAS30092_sess-d0636_T1w.nii,Dataset/OASIS_BET/sub-OAS30092_sess-d0636_T1w.nii
sub-OAS30093_sess-d0056_T1w.nii,Dataset/OASIS_BET/sub-OAS30093_sess-d0056_T1w.nii
sub-OAS30095_sess-d0033_T1w.nii,Dataset/OASIS_BET/sub-OAS30095_sess-d0033_T1w.nii
sub-OAS30096_sess-d0024_run-01_T1w.nii,Dataset/OASIS_BET/sub-OAS30096_sess-d0024_run-01_T1w.nii
sub-OAS30097_sess-d0504_run-01_T1w.nii,Dataset/OASIS_BET/sub-OAS30097_sess-d0504_run-01_T1w.nii
sub-OAS30098_sess-d0036_T1w.nii,Dataset/OASIS_BET/sub-OAS30098_sess-d0036_T1w.nii
sub-OAS30099_sess-d0032_T1w.nii,Dataset/OASIS_BET/sub-OAS30099_sess-d0032_T1w.nii
sub-OAS30100_sess-d0158_T1w.nii,Dataset/OASIS_BET/sub-OAS30100_sess-d0158_T1w.nii
sub-OAS30101_sess-d0101_run-01_T1w.nii,Dataset/OASIS_BET/sub-OAS30101_sess-d0101_run-01_T1w.nii
sub-OAS30102_sess-d0024_T1w.nii,Dataset/OASIS_BET/sub-OAS30102_sess-d0024_T1w.nii
sub-OAS30104_sess-d0328_run-01_T1w.nii,Dataset/OASIS_BET/sub-OAS30104_sess-d0328_run-01_T1w.nii
sub-OAS30105_sess-d0056_T1w.nii,Dataset/OASIS_BET/sub-OAS30105_sess-d0056_T1w.nii
sub-OAS30107_sess-d0387_run-01_T1w.nii,Dataset/OASIS_BET/sub-OAS30107_sess-d0387_run-01_T1w.nii
sub-OAS30108_sess-d0168_run-01_T1w.nii,Dataset/OASIS_BET/sub-OAS30108_sess-d0168_run-01_T1w.nii
sub-OAS30109_ses-d0270_T1w.nii,Dataset/OASIS_BET/sub-OAS30109_ses-d0270_T1w.nii
sub-OAS30110_sess-d0155_run-01_T1w.nii,Dataset/OASIS_BET/sub-OAS30110_sess-d0155_run-01_T1w.nii
sub-OAS30111_sess-d0385_run-01_T1w.nii,Dataset/OASIS_BET/sub-OAS30111_sess-d0385_run-01_T1w.nii
sub-OAS30112_sess-d0091_T1w.nii,Dataset/OASIS_BET/sub-OAS30112_sess-d0091_T1w.nii
sub-OAS30113_sess-d0894_T1w.nii,Dataset/OASIS_BET/sub-OAS30113_sess-d0894_T1w.nii
sub-OAS30114_sess-d0086_T1w.nii,Dataset/OASIS_BET/sub-OAS30114_sess-d0086_T1w.nii
sub-OAS30115_sess-d0138_T1w.nii,Dataset/OASIS_BET/sub-OAS30115_sess-d0138_T1w.nii
sub-OAS30116_ses-d0017_run-01_T1w.nii,Dataset/OASIS_BET/sub-OAS30116_ses-d0017_run-01_T1w.nii
sub-OAS30117_sess-d2034_run-01_T1w.nii,Dataset/OASIS_BET/sub-OAS30117_sess-d2034_run-01_T1w.nii
sub-OAS30122_sess-d0136_T1w.nii,Dataset/OASIS_BET/sub-OAS30122_sess-d0136_T1w.nii
sub-OAS30123_sess-d0122_T1w.nii,Dataset/OASIS_BET/sub-OAS30123_sess-d0122_T1w.nii
sub-OAS30124_sess-d0046_run-01_T1w.nii,Dataset/OASIS_BET/sub-OAS30124_sess-d0046_run-01_T1w.nii
sub-OAS30125_sess-d0201_run-01_T1w.nii,Dataset/OASIS_BET/sub-OAS30125_sess-d0201_run-01_T1w.nii
sub-OAS30126_sess-d1105_run-01_T1w.nii,Dataset/OASIS_BET/sub-OAS30126_sess-d1105_run-01_T1w.nii
sub-OAS30127_sess-d0098_T1w.nii,Dataset/OASIS_BET/sub-OAS30127_sess-d0098_T1w.nii
sub-OAS30128_sess-d0044_T1w.nii,Dataset/OASIS_BET/sub-OAS30128_sess-d0044_T1w.nii
sub-OAS30129_sess-d0055_T1w.nii,Dataset/OASIS_BET/sub-OAS30129_sess-d0055_T1w.nii
sub-OAS30132_sess-d2288_T1w.nii,Dataset/OASIS_BET/sub-OAS30132_sess-d2288_T1w.nii
sub-OAS30133_sess-d0505_T1w.nii,Dataset/OASIS_BET/sub-OAS30133_sess-d0505_T1w.nii
sub-OAS30134_sess-d0080_run-01_T1w.nii,Dataset/OASIS_BET/sub-OAS30134_sess-d0080_run-01_T1w.nii
sub-OAS30135_sess-d0190_T1w.nii,Dataset/OASIS_BET/sub-OAS30135_sess-d0190_T1w.nii
sub-OAS30136_sess-d0063_T1w.nii,Dataset/OASIS_BET/sub-OAS30136_sess-d0063_T1w.nii
sub-OAS30137_sess-d3165_T1w.nii,Dataset/OASIS_BET/sub-OAS30137_sess-d3165_T1w.nii
sub-OAS30139_sess-d0101_T1w.nii,Dataset/OASIS_BET/sub-OAS30139_sess-d0101_T1w.nii
sub-OAS30140_sess-d0172_run-01_T1w.nii,Dataset/OASIS_BET/sub-OAS30140_sess-d0172_run-01_T1w.nii
sub-OAS30141_sess-d0544_T1w.nii,Dataset/OASIS_BET/sub-OAS30141_sess-d0544_T1w.nii
sub-OAS30142_sess-d0075_run-01_T1w.nii,Dataset/OASIS_BET/sub-OAS30142_sess-d0075_run-01_T1w.nii
sub-OAS30143_sess-d2235_run-01_T1w.nii,Dataset/OASIS_BET/sub-OAS30143_sess-d2235_run-01_T1w.nii
sub-OAS30146_sess-d0272_run-01_T1w.nii,Dataset/OASIS_BET/sub-OAS30146_sess-d0272_run-01_T1w.nii
sub-OAS30147_sess-d0048_T1w.nii,Dataset/OASIS_BET/sub-OAS30147_sess-d0048_T1w.nii
sub-OAS30149_sess-d0051_T1w.nii,Dataset/OASIS_BET/sub-OAS30149_sess-d0051_T1w.nii
sub-OAS30155_sess-d0785_T1w.nii,Dataset/OASIS_BET/sub-OAS30155_sess-d0785_T1w.nii
sub-OAS30158_sess-d2467_run-01_T1w.nii,Dataset/OASIS_BET/sub-OAS30158_sess-d2467_run-01_T1w.nii
sub-OAS30159_sess-d0110_T1w.nii,Dataset/OASIS_BET/sub-OAS30159_sess-d0110_T1w.nii
sub-OAS30160_sess-d0099_run-01_T1w.nii,Dataset/OASIS_BET/sub-OAS30160_sess-d0099_run-01_T1w.nii
sub-OAS30161_sess-d0297_run-01_T1w.nii,Dataset/OASIS_BET/sub-OAS30161_sess-d0297_run-01_T1w.nii
sub-OAS30163_sess-d0091_run-01_T1w.nii,Dataset/OASIS_BET/sub-OAS30163_sess-d0091_run-01_T1w.nii
sub-OAS30164_sess-d0233_run-01_T1w.nii,Dataset/OASIS_BET/sub-OAS30164_sess-d0233_run-01_T1w.nii
sub-OAS30167_sess-d0111_T1w.nii,Dataset/OASIS_BET/sub-OAS30167_sess-d0111_T1w.nii
sub-OAS30168_sess-d0059_run-01_T1w.nii,Dataset/OASIS_BET/sub-OAS30168_sess-d0059_run-01_T1w.nii
sub-OAS30169_sess-d0282_run-01_T1w.nii,Dataset/OASIS_BET/sub-OAS30169_sess-d0282_run-01_T1w.nii
sub-OAS30170_sess-d0005_T1w.nii,Dataset/OASIS_BET/sub-OAS30170_sess-d0005_T1w.nii
sub-OAS30171_sess-d0139_run-01_T1w.nii,Dataset/OASIS_BET/sub-OAS30171_sess-d0139_run-01_T1w.nii
sub-OAS30173_sess-d3030_T1w.nii,Dataset/OASIS_BET/sub-OAS30173_sess-d3030_T1w.nii
sub-OAS30174_sess-d0582_run-01_T1w.nii,Dataset/OASIS_BET/sub-OAS30174_sess-d0582_run-01_T1w.nii
sub-OAS30175_sess-d0349_run-01_T1w.nii,Dataset/OASIS_BET/sub-OAS30175_sess-d0349_run-01_T1w.nii
sub-OAS30176_sess-d0000_T1w.nii,Dataset/OASIS_BET/sub-OAS30176_sess-d0000_T1w.nii
sub-OAS30178_ses-d0049_T1w.nii,Dataset/OASIS_BET/sub-OAS30178_ses-d0049_T1w.nii
sub-OAS30180_sess-d0051_run-01_T1w.nii,Dataset/OASIS_BET/sub-OAS30180_sess-d0051_run-01_T1w.nii
sub-OAS30181_sess-d0058_T1w.nii,Dataset/OASIS_BET/sub-OAS30181_sess-d0058_T1w.nii
sub-OAS30182_sess-d0094_T1w.nii,Dataset/OASIS_BET/sub-OAS30182_sess-d0094_T1w.nii
sub-OAS30183_sess-d0082_run-01_T1w.nii,Dataset/OASIS_BET/sub-OAS30183_sess-d0082_run-01_T1w.nii
sub-OAS30184_sess-d0169_run-01_T1w.nii,Dataset/OASIS_BET/sub-OAS30184_sess-d0169_run-01_T1w.nii
sub-OAS30185_sess-d3787_T1w.nii,Dataset/OASIS_BET/sub-OAS30185_sess-d3787_T1w.nii
sub-OAS30187_sess-d0070_T1w.nii,Dataset/OASIS_BET/sub-OAS30187_sess-d0070_T1w.nii
sub-OAS30189_sess-d0072_T1w.nii,Dataset/OASIS_BET/sub-OAS30189_sess-d0072_T1w.nii
sub-OAS30191_sess-d1136_T1w.nii,Dataset/OASIS_BET/sub-OAS30191_sess-d1136_T1w.nii
sub-OAS30193_sess-d0043_run-01_T1w.nii,Dataset/OASIS_BET/sub-OAS30193_sess-d0043_run-01_T1w.nii
sub-OAS30194_sess-d9874_T1w.nii,Dataset/OASIS_BET/sub-OAS30194_sess-d9874_T1w.nii
sub-OAS30195_sess-d0193_T1w.nii,Dataset/OASIS_BET/sub-OAS30195_sess-d0193_T1w.nii
sub-OAS30197_sess-d0115_T1w.nii,Dataset/OASIS_BET/sub-OAS30197_sess-d0115_T1w.nii
sub-OAS30198_sess-d0083_T1w.nii,Dataset/OASIS_BET/sub-OAS30198_sess-d0083_T1w.nii
sub-OAS30199_sess-d0024_T1w.nii,Dataset/OASIS_BET/sub-OAS30199_sess-d0024_T1w.nii
sub-OAS30200_sess-d0075_run-01_T1w.nii,Dataset/OASIS_BET/sub-OAS30200_sess-d0075_run-01_T1w.nii
sub-OAS30202_sess-d0175_run-01_T1w.nii,Dataset/OASIS_BET/sub-OAS30202_sess-d0175_run-01_T1w.nii
sub-OAS30203_sess-d2881_T1w.nii,Dataset/OASIS_BET/sub-OAS30203_sess-d2881_T1w.nii
sub-OAS30204_sess-d0020_T1w.nii,Dataset/OASIS_BET/sub-OAS30204_sess-d0020_T1w.nii
sub-OAS30206_sess-d0306_run-01_T1w.nii,Dataset/OASIS_BET/sub-OAS30206_sess-d0306_run-01_T1w.nii
sub-OAS30207_sess-d0346_run-01_T1w.nii,Dataset/OASIS_BET/sub-OAS30207_sess-d0346_run-01_T1w.nii
sub-OAS30208_sess-d1703_T1w.nii,Dataset/OASIS_BET/sub-OAS30208_sess-d1703_T1w.nii
sub-OAS30209_sess-d0609_run-01_T1w.nii,Dataset/OASIS_BET/sub-OAS30209_sess-d0609_run-01_T1w.nii
sub-OAS30210_sess-d0047_T1w.nii,Dataset/OASIS_BET/sub-OAS30210_sess-d0047_T1w.nii
sub-OAS30211_sess-d0046_T1w.nii,Dataset/OASIS_BET/sub-OAS30211_sess-d0046_T1w.nii
sub-OAS30212_sess-d0091_run-01_T1w.nii,Dataset/OASIS_BET/sub-OAS30212_sess-d0091_run-01_T1w.nii
sub-OAS30213_sess-d0041_T1w.nii,Dataset/OASIS_BET/sub-OAS30213_sess-d0041_T1w.nii
sub-OAS30214_sess-d4464_T1w.nii,Dataset/OASIS_BET/sub-OAS30214_sess-d4464_T1w.nii
sub-OAS30217_sess-d0077_T1w.nii,Dataset/OASIS_BET/sub-OAS30217_sess-d0077_T1w.nii
sub-OAS30218_sess-d0092_run-01_T1w.nii,Dataset/OASIS_BET/sub-OAS30218_sess-d0092_run-01_T1w.nii
sub-OAS30219_sess-d0064_T1w.nii,Dataset/OASIS_BET/sub-OAS30219_sess-d0064_T1w.nii
sub-OAS30220_sess-d0104_T1w.nii,Dataset/OASIS_BET/sub-OAS30220_sess-d0104_T1w.nii
sub-OAS30221_sess-d0079_T1w.nii,Dataset/OASIS_BET/sub-OAS30221_sess-d0079_T1w.nii
sub-OAS30222_sess-d1000_run-01_T1w.nii,Dataset/OASIS_BET/sub-OAS30222_sess-d1000_run-01_T1w.nii
sub-OAS30223_sess-d1235_run-01_T1w.nii,Dataset/OASIS_BET/sub-OAS30223_sess-d1235_run-01_T1w.nii
sub-OAS30224_sess-d0556_run-01_T1w.nii,Dataset/OASIS_BET/sub-OAS30224_sess-d0556_run-01_T1w.nii
sub-OAS30225_sess-d0482_T1w.nii,Dataset/OASIS_BET/sub-OAS30225_sess-d0482_T1w.nii
sub-OAS30227_sess-d0000_run-01_T1w.nii,Dataset/OASIS_BET/sub-OAS30227_sess-d0000_run-01_T1w.nii
sub-OAS30228_sess-d0090_T1w.nii,Dataset/OASIS_BET/sub-OAS30228_sess-d0090_T1w.nii
sub-OAS30229_sess-d0101_T1w.nii,Dataset/OASIS_BET/sub-OAS30229_sess-d0101_T1w.nii
sub-OAS30230_sess-d3855_T1w.nii,Dataset/OASIS_BET/sub-OAS30230_sess-d3855_T1w.nii
sub-OAS30231_ses-d1469_T1w.nii,Dataset/OASIS_BET/sub-OAS30231_ses-d1469_T1w.nii
sub-OAS30232_sess-d0120_run-01_T1w.nii,Dataset/OASIS_BET/sub-OAS30232_sess-d0120_run-01_T1w.nii
sub-OAS30233_sess-d3867_T1w.nii,Dataset/OASIS_BET/sub-OAS30233_sess-d3867_T1w.nii
sub-OAS30235_sess-d0139_T1w.nii,Dataset/OASIS_BET/sub-OAS30235_sess-d0139_T1w.nii
sub-OAS30236_sess-d0088_T1w.nii,Dataset/OASIS_BET/sub-OAS30236_sess-d0088_T1w.nii
sub-OAS30239_sess-d0175_run-01_T1w.nii,Dataset/OASIS_BET/sub-OAS30239_sess-d0175_run-01_T1w.nii
sub-OAS30241_sess-d3605_T1w.nii,Dataset/OASIS_BET/sub-OAS30241_sess-d3605_T1w.nii
sub-OAS30242_sess-d0137_T1w.nii,Dataset/OASIS_BET/sub-OAS30242_sess-d0137_T1w.nii
sub-OAS30244_sess-d1526_T1w.nii,Dataset/OASIS_BET/sub-OAS30244_sess-d1526_T1w.nii
sub-OAS30245_sess-d0058_T1w.nii,Dataset/OASIS_BET/sub-OAS30245_sess-d0058_T1w.nii
sub-OAS30246_sess-d0119_run-01_T1w.nii,Dataset/OASIS_BET/sub-OAS30246_sess-d0119_run-01_T1w.nii
sub-OAS30247_sess-d0168_run-01_T1w.nii,Dataset/OASIS_BET/sub-OAS30247_sess-d0168_run-01_T1w.nii
sub-OAS30248_sess-d0078_T1w.nii,Dataset/OASIS_BET/sub-OAS30248_sess-d0078_T1w.nii
sub-OAS30250_sess-d3004_T1w.nii,Dataset/OASIS_BET/sub-OAS30250_sess-d3004_T1w.nii
sub-OAS30251_sess-d0220_run-01_T1w.nii,Dataset/OASIS_BET/sub-OAS30251_sess-d0220_run-01_T1w.nii
sub-OAS30253_ses-d1288_T1w.nii,Dataset/OASIS_BET/sub-OAS30253_ses-d1288_T1w.nii
sub-OAS30255_sess-d0019_run-01_T1w.nii,Dataset/OASIS_BET/sub-OAS30255_sess-d0019_run-01_T1w.nii
sub-OAS30257_sess-d0610_run-01_T1w.nii,Dataset/OASIS_BET/sub-OAS30257_sess-d0610_run-01_T1w.nii
sub-OAS30258_sess-d0487_run-01_T1w.nii,Dataset/OASIS_BET/sub-OAS30258_sess-d0487_run-01_T1w.nii
sub-OAS30261_sess-d0785_run-01_T1w.nii,Dataset/OASIS_BET/sub-OAS30261_sess-d0785_run-01_T1w.nii
sub-OAS30262_sess-d0839_T1w.nii,Dataset/OASIS_BET/sub-OAS30262_sess-d0839_T1w.nii
sub-OAS30263_sess-d2477_T1w.nii,Dataset/OASIS_BET/sub-OAS30263_sess-d2477_T1w.nii
sub-OAS30264_sess-d0466_T1w.nii,Dataset/OASIS_BET/sub-OAS30264_sess-d0466_T1w.nii
sub-OAS30265_sess-d0192_run-01_T1w.nii,Dataset/OASIS_BET/sub-OAS30265_sess-d0192_run-01_T1w.nii
sub-OAS30266_sess-d0486_T1w.nii,Dataset/OASIS_BET/sub-OAS30266_sess-d0486_T1w.nii
sub-OAS30267_sess-d0043_run-01_T1w.nii,Dataset/OASIS_BET/sub-OAS30267_sess-d0043_run-01_T1w.nii
sub-OAS30268_sess-d0096_run-01_T1w.nii,Dataset/OASIS_BET/sub-OAS30268_sess-d0096_run-01_T1w.nii
sub-OAS30269_sess-d0052_run-01_T1w.nii,Dataset/OASIS_BET/sub-OAS30269_sess-d0052_run-01_T1w.nii
sub-OAS30270_sess-d0070_T1w.nii,Dataset/OASIS_BET/sub-OAS30270_sess-d0070_T1w.nii
sub-OAS30271_sess-d0004_run-01_T1w.nii,Dataset/OASIS_BET/sub-OAS30271_sess-d0004_run-01_T1w.nii
sub-OAS30272_sess-d0057_run-01_T1w.nii,Dataset/OASIS_BET/sub-OAS30272_sess-d0057_run-01_T1w.nii
sub-OAS30273_sess-d1591_run-01_T1w.nii,Dataset/OASIS_BET/sub-OAS30273_sess-d1591_run-01_T1w.nii
sub-OAS30274_sess-d0605_run-01_T1w.nii,Dataset/OASIS_BET/sub-OAS30274_sess-d0605_run-01_T1w.nii
sub-OAS30275_sess-d0280_run-01_T1w.nii,Dataset/OASIS_BET/sub-OAS30275_sess-d0280_run-01_T1w.nii
sub-OAS30276_ses-d0138_T1w.nii,Dataset/OASIS_BET/sub-OAS30276_ses-d0138_T1w.nii
sub-OAS30277_sess-d0198_T1w.nii,Dataset/OASIS_BET/sub-OAS30277_sess-d0198_T1w.nii
sub-OAS30279_sess-d0136_T1w.nii,Dataset/OASIS_BET/sub-OAS30279_sess-d0136_T1w.nii
sub-OAS30280_sess-d0085_run-01_T1w.nii,Dataset/OASIS_BET/sub-OAS30280_sess-d0085_run-01_T1w.nii
sub-OAS30281_sess-d0042_T1w.nii,Dataset/OASIS_BET/sub-OAS30281_sess-d0042_T1w.nii
sub-OAS30283_sess-d0064_run-01_T1w.nii,Dataset/OASIS_BET/sub-OAS30283_sess-d0064_run-01_T1w.nii
sub-OAS30285_sess-d0055_run-01_T1w.nii,Dataset/OASIS_BET/sub-OAS30285_sess-d0055_run-01_T1w.nii
sub-OAS30286_sess-d0047_T1w.nii,Dataset/OASIS_BET/sub-OAS30286_sess-d0047_T1w.nii
sub-OAS30289_sess-d0160_T1w.nii,Dataset/OASIS_BET/sub-OAS30289_sess-d0160_T1w.nii
sub-OAS30290_sess-d0000_T1w.nii,Dataset/OASIS_BET/sub-OAS30290_sess-d0000_T1w.nii
sub-OAS30291_sess-d0078_run-01_T1w.nii,Dataset/OASIS_BET/sub-OAS30291_sess-d0078_run-01_T1w.nii
sub-OAS30293_sess-d0056_T1w.nii,Dataset/OASIS_BET/sub-OAS30293_sess-d0056_T1w.nii
sub-OAS30294_sess-d0462_run-01_T1w.nii,Dataset/OASIS_BET/sub-OAS30294_sess-d0462_run-01_T1w.nii
sub-OAS30296_sess-d0069_T1w.nii,Dataset/OASIS_BET/sub-OAS30296_sess-d0069_T1w.nii
sub-OAS30298_sess-d0292_run-01_T1w.nii,Dataset/OASIS_BET/sub-OAS30298_sess-d0292_run-01_T1w.nii
sub-OAS30299_sess-d0119_run-01_T1w.nii,Dataset/OASIS_BET/sub-OAS30299_sess-d0119_run-01_T1w.nii
sub-OAS30300_sess-d0100_T1w.nii,Dataset/OASIS_BET/sub-OAS30300_sess-d0100_T1w.nii
sub-OAS30302_sess-d0262_run-01_T1w.nii,Dataset/OASIS_BET/sub-OAS30302_sess-d0262_run-01_T1w.nii
sub-OAS30304_sess-d0027_T1w.nii,Dataset/OASIS_BET/sub-OAS30304_sess-d0027_T1w.nii
sub-OAS30306_sess-d0028_T1w.nii,Dataset/OASIS_BET/sub-OAS30306_sess-d0028_T1w.nii
sub-OAS30307_sess-d0032_run-01_T1w.nii,Dataset/OASIS_BET/sub-OAS30307_sess-d0032_run-01_T1w.nii
sub-OAS30308_sess-d0004_run-01_T1w.nii,Dataset/OASIS_BET/sub-OAS30308_sess-d0004_run-01_T1w.nii
sub-OAS30309_sess-d0094_T1w.nii,Dataset/OASIS_BET/sub-OAS30309_sess-d0094_T1w.nii
sub-OAS30310_sess-d0191_T1w.nii,Dataset/OASIS_BET/sub-OAS30310_sess-d0191_T1w.nii
sub-OAS30311_sess-d0127_T1w.nii,Dataset/OASIS_BET/sub-OAS30311_sess-d0127_T1w.nii
sub-OAS30313_sess-d0048_T1w.nii,Dataset/OASIS_BET/sub-OAS30313_sess-d0048_T1w.nii
sub-OAS30315_sess-d0124_T1w.nii,Dataset/OASIS_BET/sub-OAS30315_sess-d0124_T1w.nii
sub-OAS30317_sess-d0088_T1w.nii,Dataset/OASIS_BET/sub-OAS30317_sess-d0088_T1w.nii
sub-OAS30318_sess-d2975_T1w.nii,Dataset/OASIS_BET/sub-OAS30318_sess-d2975_T1w.nii
sub-OAS30319_sess-d0043_run-01_T1w.nii,Dataset/OASIS_BET/sub-OAS30319_sess-d0043_run-01_T1w.nii
sub-OAS30320_sess-d0136_run-01_T1w.nii,Dataset/OASIS_BET/sub-OAS30320_sess-d0136_run-01_T1w.nii
sub-OAS30321_sess-d0075_run-01_T1w.nii,Dataset/OASIS_BET/sub-OAS30321_sess-d0075_run-01_T1w.nii
sub-OAS30323_sess-d0836_T1w.nii,Dataset/OASIS_BET/sub-OAS30323_sess-d0836_T1w.nii
sub-OAS30324_sess-d0119_T1w.nii,Dataset/OASIS_BET/sub-OAS30324_sess-d0119_T1w.nii
sub-OAS30327_sess-d0281_run-01_T1w.nii,Dataset/OASIS_BET/sub-OAS30327_sess-d0281_run-01_T1w.nii
sub-OAS30328_sess-d0105_T1w.nii,Dataset/OASIS_BET/sub-OAS30328_sess-d0105_T1w.nii
sub-OAS30329_sess-d0376_T1w.nii,Dataset/OASIS_BET/sub-OAS30329_sess-d0376_T1w.nii
sub-OAS30331_sess-d4694_T1w.nii,Dataset/OASIS_BET/sub-OAS30331_sess-d4694_T1w.nii
sub-OAS30332_sess-d0091_T1w.nii,Dataset/OASIS_BET/sub-OAS30332_sess-d0091_T1w.nii
sub-OAS30333_sess-d0093_run-01_T1w.nii,Dataset/OASIS_BET/sub-OAS30333_sess-d0093_run-01_T1w.nii
sub-OAS30334_sess-d0889_T1w.nii,Dataset/OASIS_BET/sub-OAS30334_sess-d0889_T1w.nii
sub-OAS30335_sess-d0109_T1w.nii,Dataset/OASIS_BET/sub-OAS30335_sess-d0109_T1w.nii
sub-OAS30336_sess-d0012_T1w.nii,Dataset/OASIS_BET/sub-OAS30336_sess-d0012_T1w.nii
sub-OAS30337_sess-d0064_T1w.nii,Dataset/OASIS_BET/sub-OAS30337_sess-d0064_T1w.nii
sub-OAS30339_sess-d0066_echo-1_run-03_T1w.nii,Dataset/OASIS_BET/sub-OAS30339_sess-d0066_echo-1_run-03_T1w.nii
sub-OAS30341_sess-d0025_T1w.nii,Dataset/OASIS_BET/sub-OAS30341_sess-d0025_T1w.nii
sub-OAS30342_sess-d0001_T1w.nii,Dataset/OASIS_BET/sub-OAS30342_sess-d0001_T1w.nii
sub-OAS30344_sess-d2375_T1w.nii,Dataset/OASIS_BET/sub-OAS30344_sess-d2375_T1w.nii
sub-OAS30346_sess-d0083_run-01_T1w.nii,Dataset/OASIS_BET/sub-OAS30346_sess-d0083_run-01_T1w.nii
sub-OAS30348_sess-d0077_T1w.nii,Dataset/OASIS_BET/sub-OAS30348_sess-d0077_T1w.nii
sub-OAS30349_sess-d0699_run-01_T1w.nii,Dataset/OASIS_BET/sub-OAS30349_sess-d0699_run-01_T1w.nii
sub-OAS30350_sess-d1201_T1w.nii,Dataset/OASIS_BET/sub-OAS30350_sess-d1201_T1w.nii
sub-OAS30351_sess-d0037_T1w.nii,Dataset/OASIS_BET/sub-OAS30351_sess-d0037_T1w.nii
sub-OAS30352_sess-d0099_T1w.nii,Dataset/OASIS_BET/sub-OAS30352_sess-d0099_T1w.nii
sub-OAS30353_sess-d0963_run-01_T1w.nii,Dataset/OASIS_BET/sub-OAS30353_sess-d0963_run-01_T1w.nii
sub-OAS30355_sess-d0048_T1w.nii,Dataset/OASIS_BET/sub-OAS30355_sess-d0048_T1w.nii
sub-OAS30356_sess-d0714_run-01_T1w.nii,Dataset/OASIS_BET/sub-OAS30356_sess-d0714_run-01_T1w.nii
sub-OAS30357_sess-d0521_T1w.nii,Dataset/OASIS_BET/sub-OAS30357_sess-d0521_T1w.nii
sub-OAS30358_sess-d0367_run-01_T1w.nii,Dataset/OASIS_BET/sub-OAS30358_sess-d0367_run-01_T1w.nii
sub-OAS30359_sess-d0069_run-01_T1w.nii,Dataset/OASIS_BET/sub-OAS30359_sess-d0069_run-01_T1w.nii
sub-OAS30360_sess-d0118_T1w.nii,Dataset/OASIS_BET/sub-OAS30360_sess-d0118_T1w.nii
sub-OAS30361_sess-d1457_run-01_T1w.nii,Dataset/OASIS_BET/sub-OAS30361_sess-d1457_run-01_T1w.nii
sub-OAS30362_sess-d0032_T1w.nii,Dataset/OASIS_BET/sub-OAS30362_sess-d0032_T1w.nii
sub-OAS30363_sess-d0087_run-01_T1w.nii,Dataset/OASIS_BET/sub-OAS30363_sess-d0087_run-01_T1w.nii
sub-OAS30364_sess-d0110_T1w.nii,Dataset/OASIS_BET/sub-OAS30364_sess-d0110_T1w.nii
sub-OAS30368_sess-d0056_run-01_T1w.nii,Dataset/OASIS_BET/sub-OAS30368_sess-d0056_run-01_T1w.nii
sub-OAS30369_sess-d5872_T1w.nii,Dataset/OASIS_BET/sub-OAS30369_sess-d5872_T1w.nii
sub-OAS30370_sess-d0141_run-01_T1w.nii,Dataset/OASIS_BET/sub-OAS30370_sess-d0141_run-01_T1w.nii
sub-OAS30371_sess-d0338_run-01_T1w.nii,Dataset/OASIS_BET/sub-OAS30371_sess-d0338_run-01_T1w.nii
sub-OAS30372_sess-d3464_T1w.nii,Dataset/OASIS_BET/sub-OAS30372_sess-d3464_T1w.nii
sub-OAS30373_sess-d1211_T1w.nii,Dataset/OASIS_BET/sub-OAS30373_sess-d1211_T1w.nii
sub-OAS30374_sess-d0084_T1w.nii,Dataset/OASIS_BET/sub-OAS30374_sess-d0084_T1w.nii
sub-OAS30375_sess-d5792_run-01_T1w.nii,Dataset/OASIS_BET/sub-OAS30375_sess-d5792_run-01_T1w.nii
sub-OAS30376_sess-d0082_T1w.nii,Dataset/OASIS_BET/sub-OAS30376_sess-d0082_T1w.nii
sub-OAS30377_sess-d0048_T1w.nii,Dataset/OASIS_BET/sub-OAS30377_sess-d0048_T1w.nii
sub-OAS30378_sess-d0204_run-01_T1w.nii,Dataset/OASIS_BET/sub-OAS30378_sess-d0204_run-01_T1w.nii
sub-OAS30380_sess-d3446_run-01_T1w.nii,Dataset/OASIS_BET/sub-OAS30380_sess-d3446_run-01_T1w.nii
sub-OAS30382_sess-d0051_run-01_T1w.nii,Dataset/OASIS_BET/sub-OAS30382_sess-d0051_run-01_T1w.nii
sub-OAS30384_sess-d0108_T1w.nii,Dataset/OASIS_BET/sub-OAS30384_sess-d0108_T1w.nii
sub-OAS30385_sess-d0112_T1w.nii,Dataset/OASIS_BET/sub-OAS30385_sess-d0112_T1w.nii
sub-OAS30386_sess-d0055_T1w.nii,Dataset/OASIS_BET/sub-OAS30386_sess-d0055_T1w.nii
sub-OAS30387_sess-d0616_run-01_T1w.nii,Dataset/OASIS_BET/sub-OAS30387_sess-d0616_run-01_T1w.nii
sub-OAS30388_sess-d0073_run-01_T1w.nii,Dataset/OASIS_BET/sub-OAS30388_sess-d0073_run-01_T1w.nii
sub-OAS30390_sess-d0346_run-01_T1w.nii,Dataset/OASIS_BET/sub-OAS30390_sess-d0346_run-01_T1w.nii
sub-OAS30392_sess-d0730_run-01_T1w.nii,Dataset/OASIS_BET/sub-OAS30392_sess-d0730_run-01_T1w.nii
sub-OAS30394_sess-d0039_T1w.nii,Dataset/OASIS_BET/sub-OAS30394_sess-d0039_T1w.nii
sub-OAS30395_sess-d0002_T1w.nii,Dataset/OASIS_BET/sub-OAS30395_sess-d0002_T1w.nii
sub-OAS30396_sess-d0037_run-01_T1w.nii,Dataset/OASIS_BET/sub-OAS30396_sess-d0037_run-01_T1w.nii
sub-OAS30397_sess-d0043_T1w.nii,Dataset/OASIS_BET/sub-OAS30397_sess-d0043_T1w.nii
sub-OAS30399_sess-d2293_T1w.nii,Dataset/OASIS_BET/sub-OAS30399_sess-d2293_T1w.nii
sub-OAS30400_sess-d0070_T1w.nii,Dataset/OASIS_BET/sub-OAS30400_sess-d0070_T1w.nii
sub-OAS30401_sess-d0106_run-01_T1w.nii,Dataset/OASIS_BET/sub-OAS30401_sess-d0106_run-01_T1w.nii
sub-OAS30402_sess-d0015_T1w.nii,Dataset/OASIS_BET/sub-OAS30402_sess-d0015_T1w.nii
sub-OAS30403_sess-d3669_T1w.nii,Dataset/OASIS_BET/sub-OAS30403_sess-d3669_T1w.nii
sub-OAS30405_ses-d0079_run-01_T1w.nii,Dataset/OASIS_BET/sub-OAS30405_ses-d0079_run-01_T1w.nii
sub-OAS30406_sess-d0084_run-01_T1w.nii,Dataset/OASIS_BET/sub-OAS30406_sess-d0084_run-01_T1w.nii
sub-OAS30407_sess-d0061_run-01_T1w.nii,Dataset/OASIS_BET/sub-OAS30407_sess-d0061_run-01_T1w.nii
sub-OAS30410_sess-d0034_T1w.nii,Dataset/OASIS_BET/sub-OAS30410_sess-d0034_T1w.nii
sub-OAS30413_ses-d0044_T1w.nii,Dataset/OASIS_BET/sub-OAS30413_ses-d0044_T1w.nii
sub-OAS30414_sess-d0030_run-01_T1w.nii,Dataset/OASIS_BET/sub-OAS30414_sess-d0030_run-01_T1w.nii
sub-OAS30415_sess-d0784_T1w.nii,Dataset/OASIS_BET/sub-OAS30415_sess-d0784_T1w.nii
sub-OAS30417_sess-d0093_T1w.nii,Dataset/OASIS_BET/sub-OAS30417_sess-d0093_T1w.nii
sub-OAS30418_sess-d0069_run-01_T1w.nii,Dataset/OASIS_BET/sub-OAS30418_sess-d0069_run-01_T1w.nii
sub-OAS30419_sess-d0621_run-01_T1w.nii,Dataset/OASIS_BET/sub-OAS30419_sess-d0621_run-01_T1w.nii
sub-OAS30421_sess-d2605_run-01_T1w.nii,Dataset/OASIS_BET/sub-OAS30421_sess-d2605_run-01_T1w.nii
sub-OAS30422_sess-d0099_T1w.nii,Dataset/OASIS_BET/sub-OAS30422_sess-d0099_T1w.nii
sub-OAS30423_sess-d0067_run-01_T1w.nii,Dataset/OASIS_BET/sub-OAS30423_sess-d0067_run-01_T1w.nii
sub-OAS30424_sess-d0095_run-01_T1w.nii,Dataset/OASIS_BET/sub-OAS30424_sess-d0095_run-01_T1w.nii
sub-OAS30427_sess-d4348_T1w.nii,Dataset/OASIS_BET/sub-OAS30427_sess-d4348_T1w.nii
sub-OAS30428_sess-d0133_T1w.nii,Dataset/OASIS_BET/sub-OAS30428_sess-d0133_T1w.nii
sub-OAS30429_sess-d0055_T1w.nii,Dataset/OASIS_BET/sub-OAS30429_sess-d0055_T1w.nii
sub-OAS30430_sess-d0055_run-01_T1w.nii,Dataset/OASIS_BET/sub-OAS30430_sess-d0055_run-01_T1w.nii
sub-OAS30431_sess-d0113_T1w.nii,Dataset/OASIS_BET/sub-OAS30431_sess-d0113_T1w.nii
sub-OAS30432_sess-d0100_T1w.nii,Dataset/OASIS_BET/sub-OAS30432_sess-d0100_T1w.nii
sub-OAS30433_sess-d1954_run-01_T1w.nii,Dataset/OASIS_BET/sub-OAS30433_sess-d1954_run-01_T1w.nii
sub-OAS30434_sess-d0054_T1w.nii,Dataset/OASIS_BET/sub-OAS30434_sess-d0054_T1w.nii
sub-OAS30436_sess-d0388_run-01_T1w.nii,Dataset/OASIS_BET/sub-OAS30436_sess-d0388_run-01_T1w.nii
sub-OAS30438_sess-d0064_run-01_T1w.nii,Dataset/OASIS_BET/sub-OAS30438_sess-d0064_run-01_T1w.nii
sub-OAS30440_sess-d0163_T1w.nii,Dataset/OASIS_BET/sub-OAS30440_sess-d0163_T1w.nii
sub-OAS30441_sess-d0053_T1w.nii,Dataset/OASIS_BET/sub-OAS30441_sess-d0053_T1w.nii
sub-OAS30443_sess-d0162_T1w.nii,Dataset/OASIS_BET/sub-OAS30443_sess-d0162_T1w.nii
sub-OAS30445_sess-d0133_T1w.nii,Dataset/OASIS_BET/sub-OAS30445_sess-d0133_T1w.nii
sub-OAS30448_sess-d0101_T1w.nii,Dataset/OASIS_BET/sub-OAS30448_sess-d0101_T1w.nii
sub-OAS30449_sess-d0000_run-01_T1w.nii,Dataset/OASIS_BET/sub-OAS30449_sess-d0000_run-01_T1w.nii
sub-OAS30451_ses-d2656_T1w.nii,Dataset/OASIS_BET/sub-OAS30451_ses-d2656_T1w.nii
sub-OAS30452_sess-d2291_run-01_T1w.nii,Dataset/OASIS_BET/sub-OAS30452_sess-d2291_run-01_T1w.nii
sub-OAS30453_sess-d0077_T1w.nii,Dataset/OASIS_BET/sub-OAS30453_sess-d0077_T1w.nii
sub-OAS30454_sess-d0209_T1w.nii,Dataset/OASIS_BET/sub-OAS30454_sess-d0209_T1w.nii
sub-OAS30456_sess-d0476_run-01_T1w.nii,Dataset/OASIS_BET/sub-OAS30456_sess-d0476_run-01_T1w.nii
sub-OAS30458_sess-d0063_T1w.nii,Dataset/OASIS_BET/sub-OAS30458_sess-d0063_T1w.nii
sub-OAS30460_sess-d0043_T1w.nii,Dataset/OASIS_BET/sub-OAS30460_sess-d0043_T1w.nii
sub-OAS30461_sess-d0198_run-01_T1w.nii,Dataset/OASIS_BET/sub-OAS30461_sess-d0198_run-01_T1w.nii
sub-OAS30462_sess-d0020_T1w.nii,Dataset/OASIS_BET/sub-OAS30462_sess-d0020_T1w.nii
sub-OAS30464_sess-d0077_run-01_T1w.nii,Dataset/OASIS_BET/sub-OAS30464_sess-d0077_run-01_T1w.nii
sub-OAS30465_sess-d0152_T1w.nii,Dataset/OASIS_BET/sub-OAS30465_sess-d0152_T1w.nii
sub-OAS30466_sess-d0058_run-01_T1w.nii,Dataset/OASIS_BET/sub-OAS30466_sess-d0058_run-01_T1w.nii
sub-OAS30467_sess-d0092_T1w.nii,Dataset/OASIS_BET/sub-OAS30467_sess-d0092_T1w.nii
sub-OAS30468_sess-d0069_T1w.nii,Dataset/OASIS_BET/sub-OAS30468_sess-d0069_T1w.nii
sub-OAS30469_sess-d0112_T1w.nii,Dataset/OASIS_BET/sub-OAS30469_sess-d0112_T1w.nii
sub-OAS30472_sess-d1267_T1w.nii,Dataset/OASIS_BET/sub-OAS30472_sess-d1267_T1w.nii
sub-OAS30474_sess-d0069_run-01_T1w.nii,Dataset/OASIS_BET/sub-OAS30474_sess-d0069_run-01_T1w.nii
sub-OAS30476_sess-d0090_T1w.nii,Dataset/OASIS_BET/sub-OAS30476_sess-d0090_T1w.nii
sub-OAS30477_sess-d0069_T1w.nii,Dataset/OASIS_BET/sub-OAS30477_sess-d0069_T1w.nii
sub-OAS30479_sess-d0398_run-01_T1w.nii,Dataset/OASIS_BET/sub-OAS30479_sess-d0398_run-01_T1w.nii
sub-OAS30482_sess-d0140_T1w.nii,Dataset/OASIS_BET/sub-OAS30482_sess-d0140_T1w.nii
sub-OAS30483_sess-d0006_T1w.nii,Dataset/OASIS_BET/sub-OAS30483_sess-d0006_T1w.nii
sub-OAS30484_sess-d0040_T1w.nii,Dataset/OASIS_BET/sub-OAS30484_sess-d0040_T1w.nii
sub-OAS30485_sess-d0084_T1w.nii,Dataset/OASIS_BET/sub-OAS30485_sess-d0084_T1w.nii
sub-OAS30486_sess-d0075_run-01_T1w.nii,Dataset/OASIS_BET/sub-OAS30486_sess-d0075_run-01_T1w.nii
sub-OAS30487_sess-d0064_run-01_T1w.nii,Dataset/OASIS_BET/sub-OAS30487_sess-d0064_run-01_T1w.nii
sub-OAS30490_sess-d0412_run-01_T1w.nii,Dataset/OASIS_BET/sub-OAS30490_sess-d0412_run-01_T1w.nii
sub-OAS30491_sess-d0074_T1w.nii,Dataset/OASIS_BET/sub-OAS30491_sess-d0074_T1w.nii
sub-OAS30492_sess-d0090_T1w.nii,Dataset/OASIS_BET/sub-OAS30492_sess-d0090_T1w.nii
sub-OAS30495_sess-d0052_T1w.nii,Dataset/OASIS_BET/sub-OAS30495_sess-d0052_T1w.nii
sub-OAS30496_sess-d0065_T1w.nii,Dataset/OASIS_BET/sub-OAS30496_sess-d0065_T1w.nii
sub-OAS30498_sess-d0132_T1w.nii,Dataset/OASIS_BET/sub-OAS30498_sess-d0132_T1w.nii
sub-OAS30499_sess-d0067_run-01_T1w.nii,Dataset/OASIS_BET/sub-OAS30499_sess-d0067_run-01_T1w.nii
sub-OAS30500_sess-d0093_run-01_T1w.nii,Dataset/OASIS_BET/sub-OAS30500_sess-d0093_run-01_T1w.nii
sub-OAS30502_sess-d0395_T1w.nii,Dataset/OASIS_BET/sub-OAS30502_sess-d0395_T1w.nii
sub-OAS30503_sess-d0000_T1w.nii,Dataset/OASIS_BET/sub-OAS30503_sess-d0000_T1w.nii
sub-OAS30504_sess-d0000_run-01_T1w.nii,Dataset/OASIS_BET/sub-OAS30504_sess-d0000_run-01_T1w.nii
sub-OAS30507_sess-d0391_run-01_T1w.nii,Dataset/OASIS_BET/sub-OAS30507_sess-d0391_run-01_T1w.nii
sub-OAS30508_sess-d0042_T1w.nii,Dataset/OASIS_BET/sub-OAS30508_sess-d0042_T1w.nii
sub-OAS30509_sess-d0153_run-01_T1w.nii,Dataset/OASIS_BET/sub-OAS30509_sess-d0153_run-01_T1w.nii
sub-OAS30510_sess-d1154_T1w.nii,Dataset/OASIS_BET/sub-OAS30510_sess-d1154_T1w.nii
sub-OAS30512_sess-d0353_run-01_T1w.nii,Dataset/OASIS_BET/sub-OAS30512_sess-d0353_run-01_T1w.nii
sub-OAS30513_sess-d0119_T1w.nii,Dataset/OASIS_BET/sub-OAS30513_sess-d0119_T1w.nii
sub-OAS30514_sess-d0057_T1w.nii,Dataset/OASIS_BET/sub-OAS30514_sess-d0057_T1w.nii
sub-OAS30515_sess-d0044_T1w.nii,Dataset/OASIS_BET/sub-OAS30515_sess-d0044_T1w.nii
sub-OAS30517_sess-d0072_run-01_T1w.nii,Dataset/OASIS_BET/sub-OAS30517_sess-d0072_run-01_T1w.nii
sub-OAS30519_sess-d0080_T1w.nii,Dataset/OASIS_BET/sub-OAS30519_sess-d0080_T1w.nii
sub-OAS30521_sess-d0979_run-01_T1w.nii,Dataset/OASIS_BET/sub-OAS30521_sess-d0979_run-01_T1w.nii
sub-OAS30522_sess-d0103_T1w.nii,Dataset/OASIS_BET/sub-OAS30522_sess-d0103_T1w.nii
sub-OAS30523_sess-d0027_run-01_T1w.nii,Dataset/OASIS_BET/sub-OAS30523_sess-d0027_run-01_T1w.nii
sub-OAS30524_sess-d0198_run-01_T1w.nii,Dataset/OASIS_BET/sub-OAS30524_sess-d0198_run-01_T1w.nii
sub-OAS30525_sess-d0671_run-01_T1w.nii,Dataset/OASIS_BET/sub-OAS30525_sess-d0671_run-01_T1w.nii
sub-OAS30527_sess-d0000_T1w.nii,Dataset/OASIS_BET/sub-OAS30527_sess-d0000_T1w.nii
sub-OAS30529_sess-d0099_T1w.nii,Dataset/OASIS_BET/sub-OAS30529_sess-d0099_T1w.nii
sub-OAS30531_sess-d0108_run-01_T1w.nii,Dataset/OASIS_BET/sub-OAS30531_sess-d0108_run-01_T1w.nii
sub-OAS30533_sess-d0087_run-01_T1w.nii,Dataset/OASIS_BET/sub-OAS30533_sess-d0087_run-01_T1w.nii
sub-OAS30534_sess-d0474_run-01_T1w.nii,Dataset/OASIS_BET/sub-OAS30534_sess-d0474_run-01_T1w.nii
sub-OAS30535_sess-d0139_run-01_T1w.nii,Dataset/OASIS_BET/sub-OAS30535_sess-d0139_run-01_T1w.nii
sub-OAS30536_sess-d2552_run-01_T1w.nii,Dataset/OASIS_BET/sub-OAS30536_sess-d2552_run-01_T1w.nii
sub-OAS30537_sess-d0029_run-01_T1w.nii,Dataset/OASIS_BET/sub-OAS30537_sess-d0029_run-01_T1w.nii
sub-OAS30538_sess-d0105_T1w.nii,Dataset/OASIS_BET/sub-OAS30538_sess-d0105_T1w.nii
sub-OAS30540_ses-d0084_T1w.nii,Dataset/OASIS_BET/sub-OAS30540_ses-d0084_T1w.nii
sub-OAS30541_sess-d1935_T1w.nii,Dataset/OASIS_BET/sub-OAS30541_sess-d1935_T1w.nii
sub-OAS30542_sess-d0489_run-01_T1w.nii,Dataset/OASIS_BET/sub-OAS30542_sess-d0489_run-01_T1w.nii
sub-OAS30543_sess-d0185_T1w.nii,Dataset/OASIS_BET/sub-OAS30543_sess-d0185_T1w.nii
sub-OAS30544_sess-d0346_run-01_T1w.nii,Dataset/OASIS_BET/sub-OAS30544_sess-d0346_run-01_T1w.nii
sub-OAS30545_sess-d0028_run-01_T1w.nii,Dataset/OASIS_BET/sub-OAS30545_sess-d0028_run-01_T1w.nii
sub-OAS30546_sess-d0530_T1w.nii,Dataset/OASIS_BET/sub-OAS30546_sess-d0530_T1w.nii
sub-OAS30547_sess-d0459_T1w.nii,Dataset/OASIS_BET/sub-OAS30547_sess-d0459_T1w.nii
sub-OAS30548_sess-d0447_T1w.nii,Dataset/OASIS_BET/sub-OAS30548_sess-d0447_T1w.nii
sub-OAS30549_sess-d1244_run-01_T1w.nii,Dataset/OASIS_BET/sub-OAS30549_sess-d1244_run-01_T1w.nii
sub-OAS30550_sess-d0070_T1w.nii,Dataset/OASIS_BET/sub-OAS30550_sess-d0070_T1w.nii
sub-OAS30551_sess-d0104_T1w.nii,Dataset/OASIS_BET/sub-OAS30551_sess-d0104_T1w.nii
sub-OAS30552_sess-d0139_run-01_T1w.nii,Dataset/OASIS_BET/sub-OAS30552_sess-d0139_run-01_T1w.nii
sub-OAS30553_sess-d0216_run-01_T1w.nii,Dataset/OASIS_BET/sub-OAS30553_sess-d0216_run-01_T1w.nii
sub-OAS30555_sess-d1301_T1w.nii,Dataset/OASIS_BET/sub-OAS30555_sess-d1301_T1w.nii
sub-OAS30556_sess-d0035_T1w.nii,Dataset/OASIS_BET/sub-OAS30556_sess-d0035_T1w.nii
sub-OAS30559_sess-d0431_run-01_T1w.nii,Dataset/OASIS_BET/sub-OAS30559_sess-d0431_run-01_T1w.nii
sub-OAS30561_sess-d0106_T1w.nii,Dataset/OASIS_BET/sub-OAS30561_sess-d0106_T1w.nii
sub-OAS30562_sess-d0030_run-01_T1w.nii,Dataset/OASIS_BET/sub-OAS30562_sess-d0030_run-01_T1w.nii
sub-OAS30566_sess-d0067_T1w.nii,Dataset/OASIS_BET/sub-OAS30566_sess-d0067_T1w.nii
sub-OAS30567_sess-d0040_T1w.nii,Dataset/OASIS_BET/sub-OAS30567_sess-d0040_T1w.nii
sub-OAS30568_sess-d0073_run-01_T1w.nii,Dataset/OASIS_BET/sub-OAS30568_sess-d0073_run-01_T1w.nii
sub-OAS30569_sess-d4070_run-01_T1w.nii,Dataset/OASIS_BET/sub-OAS30569_sess-d4070_run-01_T1w.nii
sub-OAS30570_sess-d0099_run-01_T1w.nii,Dataset/OASIS_BET/sub-OAS30570_sess-d0099_run-01_T1w.nii
sub-OAS30571_sess-d0120_run-01_T1w.nii,Dataset/OASIS_BET/sub-OAS30571_sess-d0120_run-01_T1w.nii
sub-OAS30572_sess-d0058_T1w.nii,Dataset/OASIS_BET/sub-OAS30572_sess-d0058_T1w.nii
sub-OAS30573_sess-d0515_T1w.nii,Dataset/OASIS_BET/sub-OAS30573_sess-d0515_T1w.nii
sub-OAS30574_sess-d0918_T1w.nii,Dataset/OASIS_BET/sub-OAS30574_sess-d0918_T1w.nii
sub-OAS30578_sess-d0130_T1w.nii,Dataset/OASIS_BET/sub-OAS30578_sess-d0130_T1w.nii
sub-OAS30579_sess-d0112_run-01_T1w.nii,Dataset/OASIS_BET/sub-OAS30579_sess-d0112_run-01_T1w.nii
sub-OAS30580_sess-d0032_run-01_T1w.nii,Dataset/OASIS_BET/sub-OAS30580_sess-d0032_run-01_T1w.nii
sub-OAS30582_sess-d0153_run-01_T1w.nii,Dataset/OASIS_BET/sub-OAS30582_sess-d0153_run-01_T1w.nii
sub-OAS30584_sess-d0096_T1w.nii,Dataset/OASIS_BET/sub-OAS30584_sess-d0096_T1w.nii
sub-OAS30585_sess-d0065_T1w.nii,Dataset/OASIS_BET/sub-OAS30585_sess-d0065_T1w.nii
sub-OAS30586_sess-d0070_T1w.nii,Dataset/OASIS_BET/sub-OAS30586_sess-d0070_T1w.nii
sub-OAS30587_sess-d4511_T1w.nii,Dataset/OASIS_BET/sub-OAS30587_sess-d4511_T1w.nii
sub-OAS30589_sess-d0096_run-01_T1w.nii,Dataset/OASIS_BET/sub-OAS30589_sess-d0096_run-01_T1w.nii
sub-OAS30590_sess-d0085_T1w.nii,Dataset/OASIS_BET/sub-OAS30590_sess-d0085_T1w.nii
sub-OAS30591_sess-d0403_run-01_T1w.nii,Dataset/OASIS_BET/sub-OAS30591_sess-d0403_run-01_T1w.nii
sub-OAS30592_sess-d0087_run-01_T1w.nii,Dataset/OASIS_BET/sub-OAS30592_sess-d0087_run-01_T1w.nii
sub-OAS30593_sess-d4025_T1w.nii,Dataset/OASIS_BET/sub-OAS30593_sess-d4025_T1w.nii
sub-OAS30594_sess-d0066_T1w.nii,Dataset/OASIS_BET/sub-OAS30594_sess-d0066_T1w.nii
sub-OAS30595_sess-d0084_run-01_T1w.nii,Dataset/OASIS_BET/sub-OAS30595_sess-d0084_run-01_T1w.nii
sub-OAS30596_sess-d1759_run-01_T1w.nii,Dataset/OASIS_BET/sub-OAS30596_sess-d1759_run-01_T1w.nii
sub-OAS30597_sess-d0234_run-01_T1w.nii,Dataset/OASIS_BET/sub-OAS30597_sess-d0234_run-01_T1w.nii
sub-OAS30598_sess-d0069_run-01_T1w.nii,Dataset/OASIS_BET/sub-OAS30598_sess-d0069_run-01_T1w.nii
sub-OAS30599_sess-d0121_T1w.nii,Dataset/OASIS_BET/sub-OAS30599_sess-d0121_T1w.nii
sub-OAS30600_sess-d1176_run-01_T1w.nii,Dataset/OASIS_BET/sub-OAS30600_sess-d1176_run-01_T1w.nii
sub-OAS30601_sess-d0111_T1w.nii,Dataset/OASIS_BET/sub-OAS30601_sess-d0111_T1w.nii
sub-OAS30602_sess-d1346_T1w.nii,Dataset/OASIS_BET/sub-OAS30602_sess-d1346_T1w.nii
sub-OAS30603_sess-d0811_T1w.nii,Dataset/OASIS_BET/sub-OAS30603_sess-d0811_T1w.nii
sub-OAS30605_sess-d0063_run-01_T1w.nii,Dataset/OASIS_BET/sub-OAS30605_sess-d0063_run-01_T1w.nii
sub-OAS30606_sess-d0360_run-01_T1w.nii,Dataset/OASIS_BET/sub-OAS30606_sess-d0360_run-01_T1w.nii
sub-OAS30607_sess-d0117_T1w.nii,Dataset/OASIS_BET/sub-OAS30607_sess-d0117_T1w.nii
sub-OAS30608_sess-d0722_run-01_T1w.nii,Dataset/OASIS_BET/sub-OAS30608_sess-d0722_run-01_T1w.nii
sub-OAS30610_sess-d0079_run-01_T1w.nii,Dataset/OASIS_BET/sub-OAS30610_sess-d0079_run-01_T1w.nii
sub-OAS30612_sess-d1201_T1w.nii,Dataset/OASIS_BET/sub-OAS30612_sess-d1201_T1w.nii
sub-OAS30613_sess-d0042_run-01_T1w.nii,Dataset/OASIS_BET/sub-OAS30613_sess-d0042_run-01_T1w.nii
sub-OAS30614_sess-d4088_T1w.nii,Dataset/OASIS_BET/sub-OAS30614_sess-d4088_T1w.nii
sub-OAS30615_sess-d0191_T1w.nii,Dataset/OASIS_BET/sub-OAS30615_sess-d0191_T1w.nii
sub-OAS30616_sess-d0199_T1w.nii,Dataset/OASIS_BET/sub-OAS30616_sess-d0199_T1w.nii
sub-OAS30617_sess-d0073_T1w.nii,Dataset/OASIS_BET/sub-OAS30617_sess-d0073_T1w.nii
sub-OAS30620_sess-d1176_T1w.nii,Dataset/OASIS_BET/sub-OAS30620_sess-d1176_T1w.nii
sub-OAS30621_sess-d0452_run-01_T1w.nii,Dataset/OASIS_BET/sub-OAS30621_sess-d0452_run-01_T1w.nii
sub-OAS30622_sess-d0179_T1w.nii,Dataset/OASIS_BET/sub-OAS30622_sess-d0179_T1w.nii
sub-OAS30623_sess-d0054_run-01_T1w.nii,Dataset/OASIS_BET/sub-OAS30623_sess-d0054_run-01_T1w.nii
sub-OAS30624_sess-d0035_run-01_T1w.nii,Dataset/OASIS_BET/sub-OAS30624_sess-d0035_run-01_T1w.nii
sub-OAS30625_sess-d0033_T1w.nii,Dataset/OASIS_BET/sub-OAS30625_sess-d0033_T1w.nii
sub-OAS30626_sess-d1213_run-01_T1w.nii,Dataset/OASIS_BET/sub-OAS30626_sess-d1213_run-01_T1w.nii
sub-OAS30628_sess-d0464_T1w.nii,Dataset/OASIS_BET/sub-OAS30628_sess-d0464_T1w.nii
sub-OAS30631_sess-d0000_run-01_T1w.nii,Dataset/OASIS_BET/sub-OAS30631_sess-d0000_run-01_T1w.nii
sub-OAS30632_sess-d0106_T1w.nii,Dataset/OASIS_BET/sub-OAS30632_sess-d0106_T1w.nii
sub-OAS30633_sess-d0111_run-01_T1w.nii,Dataset/OASIS_BET/sub-OAS30633_sess-d0111_run-01_T1w.nii
sub-OAS30634_sess-d0066_T1w.nii,Dataset/OASIS_BET/sub-OAS30634_sess-d0066_T1w.nii
sub-OAS30635_sess-d0022_T1w.nii,Dataset/OASIS_BET/sub-OAS30635_sess-d0022_T1w.nii
sub-OAS30636_sess-d0056_T1w.nii,Dataset/OASIS_BET/sub-OAS30636_sess-d0056_T1w.nii
sub-OAS30637_sess-d0079_T1w.nii,Dataset/OASIS_BET/sub-OAS30637_sess-d0079_T1w.nii
sub-OAS30638_sess-d0071_T1w.nii,Dataset/OASIS_BET/sub-OAS30638_sess-d0071_T1w.nii
sub-OAS30642_sess-d0154_run-01_T1w.nii,Dataset/OASIS_BET/sub-OAS30642_sess-d0154_run-01_T1w.nii
sub-OAS30643_sess-d0280_run-01_T1w.nii,Dataset/OASIS_BET/sub-OAS30643_sess-d0280_run-01_T1w.nii
sub-OAS30644_sess-d0136_T1w.nii,Dataset/OASIS_BET/sub-OAS30644_sess-d0136_T1w.nii
sub-OAS30646_sess-d0062_run-01_T1w.nii,Dataset/OASIS_BET/sub-OAS30646_sess-d0062_run-01_T1w.nii
sub-OAS30647_sess-d0232_T1w.nii,Dataset/OASIS_BET/sub-OAS30647_sess-d0232_T1w.nii
sub-OAS30649_sess-d0098_run-01_T1w.nii,Dataset/OASIS_BET/sub-OAS30649_sess-d0098_run-01_T1w.nii
sub-OAS30650_ses-d1879_run-01_T1w.nii,Dataset/OASIS_BET/sub-OAS30650_ses-d1879_run-01_T1w.nii
sub-OAS30651_sess-d0253_run-01_T1w.nii,Dataset/OASIS_BET/sub-OAS30651_sess-d0253_run-01_T1w.nii
sub-OAS30652_sess-d0778_run-01_T1w.nii,Dataset/OASIS_BET/sub-OAS30652_sess-d0778_run-01_T1w.nii
sub-OAS30653_sess-d0102_run-01_T1w.nii,Dataset/OASIS_BET/sub-OAS30653_sess-d0102_run-01_T1w.nii
sub-OAS30655_sess-d0092_T1w.nii,Dataset/OASIS_BET/sub-OAS30655_sess-d0092_T1w.nii
sub-OAS30656_sess-d1638_T1w.nii,Dataset/OASIS_BET/sub-OAS30656_sess-d1638_T1w.nii
sub-OAS30657_sess-d0072_run-01_T1w.nii,Dataset/OASIS_BET/sub-OAS30657_sess-d0072_run-01_T1w.nii
sub-OAS30658_sess-d0237_run-01_T1w.nii,Dataset/OASIS_BET/sub-OAS30658_sess-d0237_run-01_T1w.nii
sub-OAS30659_sess-d0410_T1w.nii,Dataset/OASIS_BET/sub-OAS30659_sess-d0410_T1w.nii
sub-OAS30661_sess-d0057_T1w.nii,Dataset/OASIS_BET/sub-OAS30661_sess-d0057_T1w.nii
sub-OAS30663_sess-d0051_T1w.nii,Dataset/OASIS_BET/sub-OAS30663_sess-d0051_T1w.nii
sub-OAS30664_sess-d0226_run-01_T1w.nii,Dataset/OASIS_BET/sub-OAS30664_sess-d0226_run-01_T1w.nii
sub-OAS30665_sess-d4735_T1w.nii,Dataset/OASIS_BET/sub-OAS30665_sess-d4735_T1w.nii
sub-OAS30666_sess-d0211_T1w.nii,Dataset/OASIS_BET/sub-OAS30666_sess-d0211_T1w.nii
sub-OAS30667_sess-d0108_T1w.nii,Dataset/OASIS_BET/sub-OAS30667_sess-d0108_T1w.nii
sub-OAS30668_sess-d0597_run-01_T1w.nii,Dataset/OASIS_BET/sub-OAS30668_sess-d0597_run-01_T1w.nii
sub-OAS30670_sess-d1519_T1w.nii,Dataset/OASIS_BET/sub-OAS30670_sess-d1519_T1w.nii
sub-OAS30671_sess-d0267_run-01_T1w.nii,Dataset/OASIS_BET/sub-OAS30671_sess-d0267_run-01_T1w.nii
sub-OAS30673_ses-d0043_T1w.nii,Dataset/OASIS_BET/sub-OAS30673_ses-d0043_T1w.nii
sub-OAS30674_sess-d1011_run-01_T1w.nii,Dataset/OASIS_BET/sub-OAS30674_sess-d1011_run-01_T1w.nii
sub-OAS30677_sess-d0000_T1w.nii,Dataset/OASIS_BET/sub-OAS30677_sess-d0000_T1w.nii
sub-OAS30678_sess-d0093_run-01_T1w.nii,Dataset/OASIS_BET/sub-OAS30678_sess-d0093_run-01_T1w.nii
sub-OAS30679_sess-d0091_T1w.nii,Dataset/OASIS_BET/sub-OAS30679_sess-d0091_T1w.nii
sub-OAS30680_sess-d6255_T1w.nii,Dataset/OASIS_BET/sub-OAS30680_sess-d6255_T1w.nii
sub-OAS30681_sess-d0141_T1w.nii,Dataset/OASIS_BET/sub-OAS30681_sess-d0141_T1w.nii
sub-OAS30682_sess-d0465_run-01_T1w.nii,Dataset/OASIS_BET/sub-OAS30682_sess-d0465_run-01_T1w.nii
sub-OAS30683_sess-d0037_T1w.nii,Dataset/OASIS_BET/sub-OAS30683_sess-d0037_T1w.nii
sub-OAS30685_sess-d0032_T1w.nii,Dataset/OASIS_BET/sub-OAS30685_sess-d0032_T1w.nii
sub-OAS30686_sess-d0030_T1w.nii,Dataset/OASIS_BET/sub-OAS30686_sess-d0030_T1w.nii
sub-OAS30687_sess-d0541_run-01_T1w.nii,Dataset/OASIS_BET/sub-OAS30687_sess-d0541_run-01_T1w.nii
sub-OAS30688_sess-d0120_run-01_T1w.nii,Dataset/OASIS_BET/sub-OAS30688_sess-d0120_run-01_T1w.nii
sub-OAS30690_sess-d0042_T1w.nii,Dataset/OASIS_BET/sub-OAS30690_sess-d0042_T1w.nii
sub-OAS30691_sess-d0056_T1w.nii,Dataset/OASIS_BET/sub-OAS30691_sess-d0056_T1w.nii
sub-OAS30692_sess-d2407_run-01_T1w.nii,Dataset/OASIS_BET/sub-OAS30692_sess-d2407_run-01_T1w.nii
sub-OAS30693_sess-d0032_run-01_T1w.nii,Dataset/OASIS_BET/sub-OAS30693_sess-d0032_run-01_T1w.nii
sub-OAS30694_sess-d0180_T1w.nii,Dataset/OASIS_BET/sub-OAS30694_sess-d0180_T1w.nii
sub-OAS30700_sess-d3380_run-01_T1w.nii,Dataset/OASIS_BET/sub-OAS30700_sess-d3380_run-01_T1w.nii
sub-OAS30701_sess-d0054_run-01_T1w.nii,Dataset/OASIS_BET/sub-OAS30701_sess-d0054_run-01_T1w.nii
sub-OAS30703_sess-d0076_run-01_T1w.nii,Dataset/OASIS_BET/sub-OAS30703_sess-d0076_run-01_T1w.nii
sub-OAS30705_sess-d2185_T1w.nii,Dataset/OASIS_BET/sub-OAS30705_sess-d2185_T1w.nii
sub-OAS30706_sess-d0060_T1w.nii,Dataset/OASIS_BET/sub-OAS30706_sess-d0060_T1w.nii
sub-OAS30708_sess-d0071_T1w.nii,Dataset/OASIS_BET/sub-OAS30708_sess-d0071_T1w.nii
sub-OAS30710_sess-d0058_run-01_T1w.nii,Dataset/OASIS_BET/sub-OAS30710_sess-d0058_run-01_T1w.nii
sub-OAS30713_sess-d1692_T1w.nii,Dataset/OASIS_BET/sub-OAS30713_sess-d1692_T1w.nii
sub-OAS30715_sess-d0060_T1w.nii,Dataset/OASIS_BET/sub-OAS30715_sess-d0060_T1w.nii
sub-OAS30716_sess-d0037_T1w.nii,Dataset/OASIS_BET/sub-OAS30716_sess-d0037_T1w.nii
sub-OAS30717_sess-d2476_T1w.nii,Dataset/OASIS_BET/sub-OAS30717_sess-d2476_T1w.nii
sub-OAS30722_sess-d0049_T1w.nii,Dataset/OASIS_BET/sub-OAS30722_sess-d0049_T1w.nii
sub-OAS30723_sess-d0042_run-01_T1w.nii,Dataset/OASIS_BET/sub-OAS30723_sess-d0042_run-01_T1w.nii
sub-OAS30725_sess-d0160_run-01_T1w.nii,Dataset/OASIS_BET/sub-OAS30725_sess-d0160_run-01_T1w.nii
sub-OAS30726_sess-d0061_T1w.nii,Dataset/OASIS_BET/sub-OAS30726_sess-d0061_T1w.nii
sub-OAS30727_sess-d0126_run-01_T1w.nii,Dataset/OASIS_BET/sub-OAS30727_sess-d0126_run-01_T1w.nii
sub-OAS30728_sess-d0516_T1w.nii,Dataset/OASIS_BET/sub-OAS30728_sess-d0516_T1w.nii
sub-OAS30729_sess-d3628_run-01_T1w.nii,Dataset/OASIS_BET/sub-OAS30729_sess-d3628_run-01_T1w.nii
sub-OAS30730_sess-d0075_T1w.nii,Dataset/OASIS_BET/sub-OAS30730_sess-d0075_T1w.nii
sub-OAS30731_sess-d0044_run-01_T1w.nii,Dataset/OASIS_BET/sub-OAS30731_sess-d0044_run-01_T1w.nii
sub-OAS30732_sess-d0074_T1w.nii,Dataset/OASIS_BET/sub-OAS30732_sess-d0074_T1w.nii
sub-OAS30733_sess-d3393_T1w.nii,Dataset/OASIS_BET/sub-OAS30733_sess-d3393_T1w.nii
sub-OAS30735_sess-d0304_run-01_T1w.nii,Dataset/OASIS_BET/sub-OAS30735_sess-d0304_run-01_T1w.nii
sub-OAS30737_sess-d0035_run-01_T1w.nii,Dataset/OASIS_BET/sub-OAS30737_sess-d0035_run-01_T1w.nii
sub-OAS30739_sess-d0051_T1w.nii,Dataset/OASIS_BET/sub-OAS30739_sess-d0051_T1w.nii
sub-OAS30741_sess-d3184_T1w.nii,Dataset/OASIS_BET/sub-OAS30741_sess-d3184_T1w.nii
sub-OAS30743_sess-d0051_run-01_T1w.nii,Dataset/OASIS_BET/sub-OAS30743_sess-d0051_run-01_T1w.nii
sub-OAS30744_sess-d0063_run-01_T1w.nii,Dataset/OASIS_BET/sub-OAS30744_sess-d0063_run-01_T1w.nii
sub-OAS30746_sess-d0035_T1w.nii,Dataset/OASIS_BET/sub-OAS30746_sess-d0035_T1w.nii
sub-OAS30747_sess-d0338_run-01_T1w.nii,Dataset/OASIS_BET/sub-OAS30747_sess-d0338_run-01_T1w.nii
sub-OAS30748_sess-d3268_T1w.nii,Dataset/OASIS_BET/sub-OAS30748_sess-d3268_T1w.nii
sub-OAS30749_sess-d0046_run-01_T1w.nii,Dataset/OASIS_BET/sub-OAS30749_sess-d0046_run-01_T1w.nii
sub-OAS30750_sess-d0376_run-01_T1w.nii,Dataset/OASIS_BET/sub-OAS30750_sess-d0376_run-01_T1w.nii
sub-OAS30751_sess-d0063_T1w.nii,Dataset/OASIS_BET/sub-OAS30751_sess-d0063_T1w.nii
sub-OAS30752_sess-d0608_run-01_T1w.nii,Dataset/OASIS_BET/sub-OAS30752_sess-d0608_run-01_T1w.nii
sub-OAS30754_sess-d0019_run-01_T1w.nii,Dataset/OASIS_BET/sub-OAS30754_sess-d0019_run-01_T1w.nii
sub-OAS30755_sess-d0063_run-01_T1w.nii,Dataset/OASIS_BET/sub-OAS30755_sess-d0063_run-01_T1w.nii
sub-OAS30756_sess-d0014_T1w.nii,Dataset/OASIS_BET/sub-OAS30756_sess-d0014_T1w.nii
sub-OAS30757_sess-d2279_T1w.nii,Dataset/OASIS_BET/sub-OAS30757_sess-d2279_T1w.nii
sub-OAS30758_sess-d0007_T1w.nii,Dataset/OASIS_BET/sub-OAS30758_sess-d0007_T1w.nii
sub-OAS30759_sess-d0063_T1w.nii,Dataset/OASIS_BET/sub-OAS30759_sess-d0063_T1w.nii
sub-OAS30760_sess-d3837_run-01_T1w.nii,Dataset/OASIS_BET/sub-OAS30760_sess-d3837_run-01_T1w.nii
sub-OAS30762_sess-d0043_T1w.nii,Dataset/OASIS_BET/sub-OAS30762_sess-d0043_T1w.nii
sub-OAS30764_sess-d0055_T1w.nii,Dataset/OASIS_BET/sub-OAS30764_sess-d0055_T1w.nii
sub-OAS30765_sess-d0089_run-01_T1w.nii,Dataset/OASIS_BET/sub-OAS30765_sess-d0089_run-01_T1w.nii
sub-OAS30766_sess-d0147_T1w.nii,Dataset/OASIS_BET/sub-OAS30766_sess-d0147_T1w.nii
sub-OAS30767_sess-d0065_T1w.nii,Dataset/OASIS_BET/sub-OAS30767_sess-d0065_T1w.nii
sub-OAS30768_sess-d0024_run-01_T1w.nii,Dataset/OASIS_BET/sub-OAS30768_sess-d0024_run-01_T1w.nii
sub-OAS30769_sess-d0039_run-01_T1w.nii,Dataset/OASIS_BET/sub-OAS30769_sess-d0039_run-01_T1w.nii
sub-OAS30770_sess-d0255_run-01_T1w.nii,Dataset/OASIS_BET/sub-OAS30770_sess-d0255_run-01_T1w.nii
sub-OAS30772_sess-d0987_run-01_T1w.nii,Dataset/OASIS_BET/sub-OAS30772_sess-d0987_run-01_T1w.nii
sub-OAS30774_sess-d0573_run-01_T1w.nii,Dataset/OASIS_BET/sub-OAS30774_sess-d0573_run-01_T1w.nii
sub-OAS30775_sess-d3017_T1w.nii,Dataset/OASIS_BET/sub-OAS30775_sess-d3017_T1w.nii
sub-OAS30778_sess-d0510_run-01_T1w.nii,Dataset/OASIS_BET/sub-OAS30778_sess-d0510_run-01_T1w.nii
sub-OAS30779_sess-d0065_T1w.nii,Dataset/OASIS_BET/sub-OAS30779_sess-d0065_T1w.nii
sub-OAS30780_sess-d0055_run-01_T1w.nii,Dataset/OASIS_BET/sub-OAS30780_sess-d0055_run-01_T1w.nii
sub-OAS30781_sess-d0971_T1w.nii,Dataset/OASIS_BET/sub-OAS30781_sess-d0971_T1w.nii
sub-OAS30783_sess-d0056_run-01_T1w.nii,Dataset/OASIS_BET/sub-OAS30783_sess-d0056_run-01_T1w.nii
sub-OAS30788_sess-d0201_run-01_T1w.nii,Dataset/OASIS_BET/sub-OAS30788_sess-d0201_run-01_T1w.nii
sub-OAS30789_sess-d0083_T1w.nii,Dataset/OASIS_BET/sub-OAS30789_sess-d0083_T1w.nii
sub-OAS30792_sess-d0106_run-01_T1w.nii,Dataset/OASIS_BET/sub-OAS30792_sess-d0106_run-01_T1w.nii
sub-OAS30793_sess-d1343_T1w.nii,Dataset/OASIS_BET/sub-OAS30793_sess-d1343_T1w.nii
sub-OAS30795_sess-d0380_run-01_T1w.nii,Dataset/OASIS_BET/sub-OAS30795_sess-d0380_run-01_T1w.nii
sub-OAS30796_sess-d0079_T1w.nii,Dataset/OASIS_BET/sub-OAS30796_sess-d0079_T1w.nii
sub-OAS30797_sess-d0426_run-01_T1w.nii,Dataset/OASIS_BET/sub-OAS30797_sess-d0426_run-01_T1w.nii
sub-OAS30799_ses-d0557_run-01_T1w.nii,Dataset/OASIS_BET/sub-OAS30799_ses-d0557_run-01_T1w.nii
sub-OAS30800_sess-d0029_run-01_T1w.nii,Dataset/OASIS_BET/sub-OAS30800_sess-d0029_run-01_T1w.nii
sub-OAS30801_sess-d0097_run-01_T1w.nii,Dataset/OASIS_BET/sub-OAS30801_sess-d0097_run-01_T1w.nii
sub-OAS30802_sess-d0132_T1w.nii,Dataset/OASIS_BET/sub-OAS30802_sess-d0132_T1w.nii
sub-OAS30804_sess-d0086_T1w.nii,Dataset/OASIS_BET/sub-OAS30804_sess-d0086_T1w.nii
sub-OAS30805_sess-d7028_T1w.nii,Dataset/OASIS_BET/sub-OAS30805_sess-d7028_T1w.nii
sub-OAS30807_sess-d0472_T1w.nii,Dataset/OASIS_BET/sub-OAS30807_sess-d0472_T1w.nii
sub-OAS30808_sess-d0498_run-01_T1w.nii,Dataset/OASIS_BET/sub-OAS30808_sess-d0498_run-01_T1w.nii
sub-OAS30809_sess-d0252_T1w.nii,Dataset/OASIS_BET/sub-OAS30809_sess-d0252_T1w.nii
sub-OAS30810_sess-d0106_T1w.nii,Dataset/OASIS_BET/sub-OAS30810_sess-d0106_T1w.nii
sub-OAS30813_sess-d0138_T1w.nii,Dataset/OASIS_BET/sub-OAS30813_sess-d0138_T1w.nii
sub-OAS30816_sess-d0530_run-01_T1w.nii,Dataset/OASIS_BET/sub-OAS30816_sess-d0530_run-01_T1w.nii
sub-OAS30817_sess-d0236_run-01_T1w.nii,Dataset/OASIS_BET/sub-OAS30817_sess-d0236_run-01_T1w.nii
sub-OAS30818_sess-d2089_T1w.nii,Dataset/OASIS_BET/sub-OAS30818_sess-d2089_T1w.nii
sub-OAS30819_sess-d0077_T1w.nii,Dataset/OASIS_BET/sub-OAS30819_sess-d0077_T1w.nii
sub-OAS30820_sess-d0034_T1w.nii,Dataset/OASIS_BET/sub-OAS30820_sess-d0034_T1w.nii
sub-OAS30821_sess-d0063_T1w.nii,Dataset/OASIS_BET/sub-OAS30821_sess-d0063_T1w.nii
sub-OAS30822_sess-d0036_run-01_T1w.nii,Dataset/OASIS_BET/sub-OAS30822_sess-d0036_run-01_T1w.nii
sub-OAS30823_sess-d0055_run-01_T1w.nii,Dataset/OASIS_BET/sub-OAS30823_sess-d0055_run-01_T1w.nii
sub-OAS30824_sess-d0077_T1w.nii,Dataset/OASIS_BET/sub-OAS30824_sess-d0077_T1w.nii
sub-OAS30827_sess-d1875_T1w.nii,Dataset/OASIS_BET/sub-OAS30827_sess-d1875_T1w.nii
sub-OAS30830_sess-d1569_T1w.nii,Dataset/OASIS_BET/sub-OAS30830_sess-d1569_T1w.nii
sub-OAS30832_sess-d0225_run-01_T1w.nii,Dataset/OASIS_BET/sub-OAS30832_sess-d0225_run-01_T1w.nii
sub-OAS30834_sess-d0098_T1w.nii,Dataset/OASIS_BET/sub-OAS30834_sess-d0098_T1w.nii
sub-OAS30835_sess-d0709_run-01_T1w.nii,Dataset/OASIS_BET/sub-OAS30835_sess-d0709_run-01_T1w.nii
sub-OAS30836_sess-d0094_T1w.nii,Dataset/OASIS_BET/sub-OAS30836_sess-d0094_T1w.nii
sub-OAS30840_sess-d0042_run-01_T1w.nii,Dataset/OASIS_BET/sub-OAS30840_sess-d0042_run-01_T1w.nii
sub-OAS30842_sess-d0526_T1w.nii,Dataset/OASIS_BET/sub-OAS30842_sess-d0526_T1w.nii
sub-OAS30844_sess-d0035_run-01_T1w.nii,Dataset/OASIS_BET/sub-OAS30844_sess-d0035_run-01_T1w.nii
sub-OAS30845_sess-d0068_T1w.nii,Dataset/OASIS_BET/sub-OAS30845_sess-d0068_T1w.nii
sub-OAS30846_sess-d0160_T1w.nii,Dataset/OASIS_BET/sub-OAS30846_sess-d0160_T1w.nii
sub-OAS30847_sess-d0040_T1w.nii,Dataset/OASIS_BET/sub-OAS30847_sess-d0040_T1w.nii
sub-OAS30848_sess-d0070_run-01_T1w.nii,Dataset/OASIS_BET/sub-OAS30848_sess-d0070_run-01_T1w.nii
sub-OAS30849_sess-d0151_T1w.nii,Dataset/OASIS_BET/sub-OAS30849_sess-d0151_T1w.nii
sub-OAS30850_sess-d0198_T1w.nii,Dataset/OASIS_BET/sub-OAS30850_sess-d0198_T1w.nii
sub-OAS30853_sess-d0100_T1w.nii,Dataset/OASIS_BET/sub-OAS30853_sess-d0100_T1w.nii
sub-OAS30854_sess-d0069_run-01_T1w.nii,Dataset/OASIS_BET/sub-OAS30854_sess-d0069_run-01_T1w.nii
sub-OAS30855_sess-d6166_run-01_T1w.nii,Dataset/OASIS_BET/sub-OAS30855_sess-d6166_run-01_T1w.nii
sub-OAS30857_sess-d0058_run-01_T1w.nii,Dataset/OASIS_BET/sub-OAS30857_sess-d0058_run-01_T1w.nii
sub-OAS30858_sess-d0060_run-01_T1w.nii,Dataset/OASIS_BET/sub-OAS30858_sess-d0060_run-01_T1w.nii
sub-OAS30861_sess-d0101_T1w.nii,Dataset/OASIS_BET/sub-OAS30861_sess-d0101_T1w.nii
sub-OAS30862_sess-d3654_T1w.nii,Dataset/OASIS_BET/sub-OAS30862_sess-d3654_T1w.nii
sub-OAS30863_sess-d4148_T1w.nii,Dataset/OASIS_BET/sub-OAS30863_sess-d4148_T1w.nii
sub-OAS30864_sess-d0603_T1w.nii,Dataset/OASIS_BET/sub-OAS30864_sess-d0603_T1w.nii
sub-OAS30865_sess-d0109_run-01_T1w.nii,Dataset/OASIS_BET/sub-OAS30865_sess-d0109_run-01_T1w.nii
sub-OAS30866_sess-d0033_T1w.nii,Dataset/OASIS_BET/sub-OAS30866_sess-d0033_T1w.nii
sub-OAS30867_sess-d1398_run-01_T1w.nii,Dataset/OASIS_BET/sub-OAS30867_sess-d1398_run-01_T1w.nii
sub-OAS30868_sess-d0115_run-01_T1w.nii,Dataset/OASIS_BET/sub-OAS30868_sess-d0115_run-01_T1w.nii
sub-OAS30869_sess-d2290_T1w.nii,Dataset/OASIS_BET/sub-OAS30869_sess-d2290_T1w.nii
sub-OAS30871_sess-d0040_T1w.nii,Dataset/OASIS_BET/sub-OAS30871_sess-d0040_T1w.nii
sub-OAS30873_sess-d0026_run-01_T1w.nii,Dataset/OASIS_BET/sub-OAS30873_sess-d0026_run-01_T1w.nii
sub-OAS30874_sess-d0057_run-01_T1w.nii,Dataset/OASIS_BET/sub-OAS30874_sess-d0057_run-01_T1w.nii
sub-OAS30875_sess-d0154_T1w.nii,Dataset/OASIS_BET/sub-OAS30875_sess-d0154_T1w.nii
sub-OAS30877_sess-d0362_T1w.nii,Dataset/OASIS_BET/sub-OAS30877_sess-d0362_T1w.nii
sub-OAS30879_sess-d3497_T1w.nii,Dataset/OASIS_BET/sub-OAS30879_sess-d3497_T1w.nii
sub-OAS30880_sess-d0554_run-01_T1w.nii,Dataset/OASIS_BET/sub-OAS30880_sess-d0554_run-01_T1w.nii
sub-OAS30881_sess-d0152_T1w.nii,Dataset/OASIS_BET/sub-OAS30881_sess-d0152_T1w.nii
sub-OAS30882_sess-d0191_T1w.nii,Dataset/OASIS_BET/sub-OAS30882_sess-d0191_T1w.nii
sub-OAS30884_sess-d4499_T1w.nii,Dataset/OASIS_BET/sub-OAS30884_sess-d4499_T1w.nii
sub-OAS30885_sess-d0075_run-01_T1w.nii,Dataset/OASIS_BET/sub-OAS30885_sess-d0075_run-01_T1w.nii
sub-OAS30886_sess-d0045_run-01_T1w.nii,Dataset/OASIS_BET/sub-OAS30886_sess-d0045_run-01_T1w.nii
sub-OAS30888_sess-d0066_T1w.nii,Dataset/OASIS_BET/sub-OAS30888_sess-d0066_T1w.nii
sub-OAS30890_sess-d0859_run-01_T1w.nii,Dataset/OASIS_BET/sub-OAS30890_sess-d0859_run-01_T1w.nii
sub-OAS30891_sess-d0213_run-01_T1w.nii,Dataset/OASIS_BET/sub-OAS30891_sess-d0213_run-01_T1w.nii
sub-OAS30892_sess-d0029_T1w.nii,Dataset/OASIS_BET/sub-OAS30892_sess-d0029_T1w.nii
sub-OAS30896_sess-d0439_run-01_T1w.nii,Dataset/OASIS_BET/sub-OAS30896_sess-d0439_run-01_T1w.nii
sub-OAS30897_sess-d1217_T1w.nii,Dataset/OASIS_BET/sub-OAS30897_sess-d1217_T1w.nii
sub-OAS30898_sess-d0946_run-01_T1w.nii,Dataset/OASIS_BET/sub-OAS30898_sess-d0946_run-01_T1w.nii
sub-OAS30899_sess-d1616_T1w.nii,Dataset/OASIS_BET/sub-OAS30899_sess-d1616_T1w.nii
sub-OAS30900_sess-d0051_T1w.nii,Dataset/OASIS_BET/sub-OAS30900_sess-d0051_T1w.nii
sub-OAS30901_sess-d0155_T1w.nii,Dataset/OASIS_BET/sub-OAS30901_sess-d0155_T1w.nii
sub-OAS30904_ses-d1304_run-01_T1w.nii,Dataset/OASIS_BET/sub-OAS30904_ses-d1304_run-01_T1w.nii
sub-OAS30905_sess-d0154_run-01_T1w.nii,Dataset/OASIS_BET/sub-OAS30905_sess-d0154_run-01_T1w.nii
sub-OAS30906_sess-d0035_run-01_T1w.nii,Dataset/OASIS_BET/sub-OAS30906_sess-d0035_run-01_T1w.nii
sub-OAS30907_sess-d0084_run-01_T1w.nii,Dataset/OASIS_BET/sub-OAS30907_sess-d0084_run-01_T1w.nii
sub-OAS30908_sess-d3517_T1w.nii,Dataset/OASIS_BET/sub-OAS30908_sess-d3517_T1w.nii
sub-OAS30909_sess-d0109_run-01_T1w.nii,Dataset/OASIS_BET/sub-OAS30909_sess-d0109_run-01_T1w.nii
sub-OAS30910_sess-d0090_T1w.nii,Dataset/OASIS_BET/sub-OAS30910_sess-d0090_T1w.nii
sub-OAS30915_sess-d0085_T1w.nii,Dataset/OASIS_BET/sub-OAS30915_sess-d0085_T1w.nii
sub-OAS30916_sess-d0172_T1w.nii,Dataset/OASIS_BET/sub-OAS30916_sess-d0172_T1w.nii
sub-OAS30918_sess-d0089_run-01_T1w.nii,Dataset/OASIS_BET/sub-OAS30918_sess-d0089_run-01_T1w.nii
sub-OAS30921_sess-d0382_run-01_T1w.nii,Dataset/OASIS_BET/sub-OAS30921_sess-d0382_run-01_T1w.nii
sub-OAS30922_sess-d0058_T1w.nii,Dataset/OASIS_BET/sub-OAS30922_sess-d0058_T1w.nii
sub-OAS30924_sess-d0069_T1w.nii,Dataset/OASIS_BET/sub-OAS30924_sess-d0069_T1w.nii
sub-OAS30925_sess-d0196_run-01_T1w.nii,Dataset/OASIS_BET/sub-OAS30925_sess-d0196_run-01_T1w.nii
sub-OAS30926_sess-d1520_T1w.nii,Dataset/OASIS_BET/sub-OAS30926_sess-d1520_T1w.nii
sub-OAS30927_sess-d0145_T1w.nii,Dataset/OASIS_BET/sub-OAS30927_sess-d0145_T1w.nii
sub-OAS30928_sess-d0884_T1w.nii,Dataset/OASIS_BET/sub-OAS30928_sess-d0884_T1w.nii
sub-OAS30931_sess-d0489_T1w.nii,Dataset/OASIS_BET/sub-OAS30931_sess-d0489_T1w.nii
sub-OAS30933_sess-d0052_run-01_T1w.nii,Dataset/OASIS_BET/sub-OAS30933_sess-d0052_run-01_T1w.nii
sub-OAS30934_sess-d2150_T1w.nii,Dataset/OASIS_BET/sub-OAS30934_sess-d2150_T1w.nii
sub-OAS30938_sess-d0095_T1w.nii,Dataset/OASIS_BET/sub-OAS30938_sess-d0095_T1w.nii
sub-OAS30939_sess-d0483_T1w.nii,Dataset/OASIS_BET/sub-OAS30939_sess-d0483_T1w.nii
sub-OAS30942_sess-d0111_run-01_T1w.nii,Dataset/OASIS_BET/sub-OAS30942_sess-d0111_run-01_T1w.nii
sub-OAS30943_sess-d0295_T1w.nii,Dataset/OASIS_BET/sub-OAS30943_sess-d0295_T1w.nii
sub-OAS30944_sess-d0089_run-01_T1w.nii,Dataset/OASIS_BET/sub-OAS30944_sess-d0089_run-01_T1w.nii
sub-OAS30945_sess-d0155_T1w.nii,Dataset/OASIS_BET/sub-OAS30945_sess-d0155_T1w.nii
sub-OAS30948_sess-d0076_T1w.nii,Dataset/OASIS_BET/sub-OAS30948_sess-d0076_T1w.nii
sub-OAS30949_sess-d0053_run-01_T1w.nii,Dataset/OASIS_BET/sub-OAS30949_sess-d0053_run-01_T1w.nii
sub-OAS30950_sess-d0063_T1w.nii,Dataset/OASIS_BET/sub-OAS30950_sess-d0063_T1w.nii
sub-OAS30951_sess-d3786_T1w.nii,Dataset/OASIS_BET/sub-OAS30951_sess-d3786_T1w.nii
sub-OAS30952_sess-d0133_run-01_T1w.nii,Dataset/OASIS_BET/sub-OAS30952_sess-d0133_run-01_T1w.nii
sub-OAS30954_sess-d0182_run-01_T1w.nii,Dataset/OASIS_BET/sub-OAS30954_sess-d0182_run-01_T1w.nii
sub-OAS30955_sess-d0133_T1w.nii,Dataset/OASIS_BET/sub-OAS30955_sess-d0133_T1w.nii
sub-OAS30956_ses-d0082_T1w.nii,Dataset/OASIS_BET/sub-OAS30956_ses-d0082_T1w.nii
sub-OAS30957_sess-d0030_run-01_T1w.nii,Dataset/OASIS_BET/sub-OAS30957_sess-d0030_run-01_T1w.nii
sub-OAS30958_sess-d0900_run-01_T1w.nii,Dataset/OASIS_BET/sub-OAS30958_sess-d0900_run-01_T1w.nii
sub-OAS30959_sess-d3174_T1w.nii,Dataset/OASIS_BET/sub-OAS30959_sess-d3174_T1w.nii
sub-OAS30962_sess-d0007_T1w.nii,Dataset/OASIS_BET/sub-OAS30962_sess-d0007_T1w.nii
sub-OAS30964_sess-d3870_T1w.nii,Dataset/OASIS_BET/sub-OAS30964_sess-d3870_T1w.nii
sub-OAS30966_sess-d0189_run-01_T1w.nii,Dataset/OASIS_BET/sub-OAS30966_sess-d0189_run-01_T1w.nii
sub-OAS30967_sess-d0098_run-01_T1w.nii,Dataset/OASIS_BET/sub-OAS30967_sess-d0098_run-01_T1w.nii
sub-OAS30968_sess-d0166_T1w.nii,Dataset/OASIS_BET/sub-OAS30968_sess-d0166_T1w.nii
sub-OAS30970_sess-d0237_T1w.nii,Dataset/OASIS_BET/sub-OAS30970_sess-d0237_T1w.nii
sub-OAS30971_sess-d0077_run-01_T1w.nii,Dataset/OASIS_BET/sub-OAS30971_sess-d0077_run-01_T1w.nii
sub-OAS30973_sess-d0065_T1w.nii,Dataset/OASIS_BET/sub-OAS30973_sess-d0065_T1w.nii
sub-OAS30974_sess-d0901_T1w.nii,Dataset/OASIS_BET/sub-OAS30974_sess-d0901_T1w.nii
sub-OAS30976_sess-d0065_T1w.nii,Dataset/OASIS_BET/sub-OAS30976_sess-d0065_T1w.nii
sub-OAS30977_sess-d0404_T1w.nii,Dataset/OASIS_BET/sub-OAS30977_sess-d0404_T1w.nii
sub-OAS30978_sess-d1207_T1w.nii,Dataset/OASIS_BET/sub-OAS30978_sess-d1207_T1w.nii
sub-OAS30979_sess-d0051_T1w.nii,Dataset/OASIS_BET/sub-OAS30979_sess-d0051_T1w.nii
sub-OAS30980_sess-d0659_run-01_T1w.nii,Dataset/OASIS_BET/sub-OAS30980_sess-d0659_run-01_T1w.nii
sub-OAS30981_sess-d0061_T1w.nii,Dataset/OASIS_BET/sub-OAS30981_sess-d0061_T1w.nii
sub-OAS30983_sess-d0265_run-01_T1w.nii,Dataset/OASIS_BET/sub-OAS30983_sess-d0265_run-01_T1w.nii
sub-OAS30985_sess-d0084_run-01_T1w.nii,Dataset/OASIS_BET/sub-OAS30985_sess-d0084_run-01_T1w.nii
sub-OAS30986_sess-d1188_run-01_T1w.nii,Dataset/OASIS_BET/sub-OAS30986_sess-d1188_run-01_T1w.nii
sub-OAS30987_sess-d0965_T1w.nii,Dataset/OASIS_BET/sub-OAS30987_sess-d0965_T1w.nii
sub-OAS30989_sess-d0109_run-01_T1w.nii,Dataset/OASIS_BET/sub-OAS30989_sess-d0109_run-01_T1w.nii
sub-OAS30990_sess-d1360_T1w.nii,Dataset/OASIS_BET/sub-OAS30990_sess-d1360_T1w.nii
sub-OAS30992_sess-d0016_T1w.nii,Dataset/OASIS_BET/sub-OAS30992_sess-d0016_T1w.nii
sub-OAS30993_sess-d0059_T1w.nii,Dataset/OASIS_BET/sub-OAS30993_sess-d0059_T1w.nii
sub-OAS30994_sess-d0070_T1w.nii,Dataset/OASIS_BET/sub-OAS30994_sess-d0070_T1w.nii
sub-OAS30995_sess-d0054_T1w.nii,Dataset/OASIS_BET/sub-OAS30995_sess-d0054_T1w.nii
sub-OAS30996_sess-d4705_T1w.nii,Dataset/OASIS_BET/sub-OAS30996_sess-d4705_T1w.nii
sub-OAS30997_sess-d0058_T1w.nii,Dataset/OASIS_BET/sub-OAS30997_sess-d0058_T1w.nii
sub-OAS30999_sess-d0153_run-01_T1w.nii,Dataset/OASIS_BET/sub-OAS30999_sess-d0153_run-01_T1w.nii
sub-OAS31001_sess-d3394_T1w.nii,Dataset/OASIS_BET/sub-OAS31001_sess-d3394_T1w.nii
sub-OAS31002_sess-d4948_run-01_T1w.nii,Dataset/OASIS_BET/sub-OAS31002_sess-d4948_run-01_T1w.nii
sub-OAS31005_sess-d0066_run-01_T1w.nii,Dataset/OASIS_BET/sub-OAS31005_sess-d0066_run-01_T1w.nii
sub-OAS31006_sess-d0120_T1w.nii,Dataset/OASIS_BET/sub-OAS31006_sess-d0120_T1w.nii
sub-OAS31008_sess-d0142_run-01_T1w.nii,Dataset/OASIS_BET/sub-OAS31008_sess-d0142_run-01_T1w.nii
sub-OAS31009_sess-d0512_run-01_T1w.nii,Dataset/OASIS_BET/sub-OAS31009_sess-d0512_run-01_T1w.nii
sub-OAS31011_sess-d0089_T1w.nii,Dataset/OASIS_BET/sub-OAS31011_sess-d0089_T1w.nii
sub-OAS31013_sess-d0039_T1w.nii,Dataset/OASIS_BET/sub-OAS31013_sess-d0039_T1w.nii
sub-OAS31015_sess-d0222_T1w.nii,Dataset/OASIS_BET/sub-OAS31015_sess-d0222_T1w.nii
sub-OAS31016_sess-d0126_T1w.nii,Dataset/OASIS_BET/sub-OAS31016_sess-d0126_T1w.nii
sub-OAS31017_sess-d0072_T1w.nii,Dataset/OASIS_BET/sub-OAS31017_sess-d0072_T1w.nii
sub-OAS31018_sess-d0041_T1w.nii,Dataset/OASIS_BET/sub-OAS31018_sess-d0041_T1w.nii
sub-OAS31019_sess-d0076_T1w.nii,Dataset/OASIS_BET/sub-OAS31019_sess-d0076_T1w.nii
sub-OAS31020_sess-d0083_T1w.nii,Dataset/OASIS_BET/sub-OAS31020_sess-d0083_T1w.nii
sub-OAS31021_sess-d0049_T1w.nii,Dataset/OASIS_BET/sub-OAS31021_sess-d0049_T1w.nii
sub-OAS31022_sess-d0089_T1w.nii,Dataset/OASIS_BET/sub-OAS31022_sess-d0089_T1w.nii
sub-OAS31023_ses-d0070_T1w.nii,Dataset/OASIS_BET/sub-OAS31023_ses-d0070_T1w.nii
sub-OAS31024_sess-d1057_run-01_T1w.nii,Dataset/OASIS_BET/sub-OAS31024_sess-d1057_run-01_T1w.nii
sub-OAS31025_sess-d0410_run-01_T1w.nii,Dataset/OASIS_BET/sub-OAS31025_sess-d0410_run-01_T1w.nii
sub-OAS31028_sess-d0058_T1w.nii,Dataset/OASIS_BET/sub-OAS31028_sess-d0058_T1w.nii
sub-OAS31029_sess-d2448_T1w.nii,Dataset/OASIS_BET/sub-OAS31029_sess-d2448_T1w.nii
sub-OAS31032_sess-d0139_run-01_T1w.nii,Dataset/OASIS_BET/sub-OAS31032_sess-d0139_run-01_T1w.nii
sub-OAS31033_sess-d0002_T1w.nii,Dataset/OASIS_BET/sub-OAS31033_sess-d0002_T1w.nii
sub-OAS31034_sess-d0203_T1w.nii,Dataset/OASIS_BET/sub-OAS31034_sess-d0203_T1w.nii
sub-OAS31035_sess-d5659_run-01_T1w.nii,Dataset/OASIS_BET/sub-OAS31035_sess-d5659_run-01_T1w.nii
sub-OAS31036_sess-d0056_run-01_T1w.nii,Dataset/OASIS_BET/sub-OAS31036_sess-d0056_run-01_T1w.nii
sub-OAS31037_sess-d3295_run-01_T1w.nii,Dataset/OASIS_BET/sub-OAS31037_sess-d3295_run-01_T1w.nii
sub-OAS31039_sess-d0001_T1w.nii,Dataset/OASIS_BET/sub-OAS31039_sess-d0001_T1w.nii
sub-OAS31040_sess-d0067_T1w.nii,Dataset/OASIS_BET/sub-OAS31040_sess-d0067_T1w.nii
sub-OAS31042_sess-d3618_T1w.nii,Dataset/OASIS_BET/sub-OAS31042_sess-d3618_T1w.nii
sub-OAS31046_sess-d0473_run-01_T1w.nii,Dataset/OASIS_BET/sub-OAS31046_sess-d0473_run-01_T1w.nii
sub-OAS31047_sess-d0183_run-01_T1w.nii,Dataset/OASIS_BET/sub-OAS31047_sess-d0183_run-01_T1w.nii
sub-OAS31048_sess-d0122_run-01_T1w.nii,Dataset/OASIS_BET/sub-OAS31048_sess-d0122_run-01_T1w.nii
sub-OAS31050_sess-d0109_T1w.nii,Dataset/OASIS_BET/sub-OAS31050_sess-d0109_T1w.nii
sub-OAS31051_sess-d0365_run-01_T1w.nii,Dataset/OASIS_BET/sub-OAS31051_sess-d0365_run-01_T1w.nii
sub-OAS31052_sess-d0093_run-01_T1w.nii,Dataset/OASIS_BET/sub-OAS31052_sess-d0093_run-01_T1w.nii
sub-OAS31054_sess-d0212_run-01_T1w.nii,Dataset/OASIS_BET/sub-OAS31054_sess-d0212_run-01_T1w.nii
sub-OAS31057_sess-d1054_run-01_T1w.nii,Dataset/OASIS_BET/sub-OAS31057_sess-d1054_run-01_T1w.nii
sub-OAS31059_sess-d1231_run-01_T1w.nii,Dataset/OASIS_BET/sub-OAS31059_sess-d1231_run-01_T1w.nii
sub-OAS31060_sess-d0083_T1w.nii,Dataset/OASIS_BET/sub-OAS31060_sess-d0083_T1w.nii
sub-OAS31063_sess-d0917_run-01_T1w.nii,Dataset/OASIS_BET/sub-OAS31063_sess-d0917_run-01_T1w.nii
sub-OAS31065_sess-d0034_run-01_T1w.nii,Dataset/OASIS_BET/sub-OAS31065_sess-d0034_run-01_T1w.nii
sub-OAS31066_sess-d0077_run-01_T1w.nii,Dataset/OASIS_BET/sub-OAS31066_sess-d0077_run-01_T1w.nii
sub-OAS31067_sess-d0037_T1w.nii,Dataset/OASIS_BET/sub-OAS31067_sess-d0037_T1w.nii
sub-OAS31068_sess-d1547_run-01_T1w.nii,Dataset/OASIS_BET/sub-OAS31068_sess-d1547_run-01_T1w.nii
sub-OAS31069_sess-d0025_run-01_T1w.nii,Dataset/OASIS_BET/sub-OAS31069_sess-d0025_run-01_T1w.nii
sub-OAS31070_sess-d0084_T1w.nii,Dataset/OASIS_BET/sub-OAS31070_sess-d0084_T1w.nii
sub-OAS31071_sess-d0978_T1w.nii,Dataset/OASIS_BET/sub-OAS31071_sess-d0978_T1w.nii
sub-OAS31073_sess-d0196_run-01_T1w.nii,Dataset/OASIS_BET/sub-OAS31073_sess-d0196_run-01_T1w.nii
sub-OAS31074_sess-d3372_run-01_T1w.nii,Dataset/OASIS_BET/sub-OAS31074_sess-d3372_run-01_T1w.nii
sub-OAS31076_sess-d0071_T1w.nii,Dataset/OASIS_BET/sub-OAS31076_sess-d0071_T1w.nii
sub-OAS31077_sess-d0194_run-01_T1w.nii,Dataset/OASIS_BET/sub-OAS31077_sess-d0194_run-01_T1w.nii
sub-OAS31078_sess-d0027_run-01_T1w.nii,Dataset/OASIS_BET/sub-OAS31078_sess-d0027_run-01_T1w.nii
sub-OAS31082_sess-d0000_T1w.nii,Dataset/OASIS_BET/sub-OAS31082_sess-d0000_T1w.nii
sub-OAS31083_sess-d0091_run-01_T1w.nii,Dataset/OASIS_BET/sub-OAS31083_sess-d0091_run-01_T1w.nii
sub-OAS31084_sess-d2319_T1w.nii,Dataset/OASIS_BET/sub-OAS31084_sess-d2319_T1w.nii
sub-OAS31087_sess-d0168_run-01_T1w.nii,Dataset/OASIS_BET/sub-OAS31087_sess-d0168_run-01_T1w.nii
sub-OAS31088_sess-d2045_T1w.nii,Dataset/OASIS_BET/sub-OAS31088_sess-d2045_T1w.nii
sub-OAS31090_sess-d0353_run-01_T1w.nii,Dataset/OASIS_BET/sub-OAS31090_sess-d0353_run-01_T1w.nii
sub-OAS31094_sess-d0103_run-01_T1w.nii,Dataset/OASIS_BET/sub-OAS31094_sess-d0103_run-01_T1w.nii
sub-OAS31096_sess-d1308_T1w.nii,Dataset/OASIS_BET/sub-OAS31096_sess-d1308_T1w.nii
sub-OAS31097_sess-d2763_run-01_T1w.nii,Dataset/OASIS_BET/sub-OAS31097_sess-d2763_run-01_T1w.nii
sub-OAS31098_sess-d0048_T1w.nii,Dataset/OASIS_BET/sub-OAS31098_sess-d0048_T1w.nii
sub-OAS31099_sess-d0086_T1w.nii,Dataset/OASIS_BET/sub-OAS31099_sess-d0086_T1w.nii
sub-OAS31101_sess-d0076_T1w.nii,Dataset/OASIS_BET/sub-OAS31101_sess-d0076_T1w.nii
sub-OAS31104_sess-d2333_T1w.nii,Dataset/OASIS_BET/sub-OAS31104_sess-d2333_T1w.nii
sub-OAS31105_sess-d0259_run-01_T1w.nii,Dataset/OASIS_BET/sub-OAS31105_sess-d0259_run-01_T1w.nii
sub-OAS31106_sess-d0065_run-01_T1w.nii,Dataset/OASIS_BET/sub-OAS31106_sess-d0065_run-01_T1w.nii
sub-OAS31107_sess-d0912_T1w.nii,Dataset/OASIS_BET/sub-OAS31107_sess-d0912_T1w.nii
sub-OAS31108_sess-d3850_run-01_T1w.nii,Dataset/OASIS_BET/sub-OAS31108_sess-d3850_run-01_T1w.nii
sub-OAS31110_sess-d0031_run-01_T1w.nii,Dataset/OASIS_BET/sub-OAS31110_sess-d0031_run-01_T1w.nii
sub-OAS31111_sess-d0246_run-01_T1w.nii,Dataset/OASIS_BET/sub-OAS31111_sess-d0246_run-01_T1w.nii
sub-OAS31112_sess-d0276_run-01_T1w.nii,Dataset/OASIS_BET/sub-OAS31112_sess-d0276_run-01_T1w.nii
sub-OAS31113_sess-d0033_T1w.nii,Dataset/OASIS_BET/sub-OAS31113_sess-d0033_T1w.nii
sub-OAS31114_sess-d0695_run-01_T1w.nii,Dataset/OASIS_BET/sub-OAS31114_sess-d0695_run-01_T1w.nii
sub-OAS31115_sess-d0466_T1w.nii,Dataset/OASIS_BET/sub-OAS31115_sess-d0466_T1w.nii
sub-OAS31116_sess-d0329_run-01_T1w.nii,Dataset/OASIS_BET/sub-OAS31116_sess-d0329_run-01_T1w.nii
sub-OAS31117_sess-d0073_T1w.nii,Dataset/OASIS_BET/sub-OAS31117_sess-d0073_T1w.nii
sub-OAS31118_sess-d0116_run-01_T1w.nii,Dataset/OASIS_BET/sub-OAS31118_sess-d0116_run-01_T1w.nii
sub-OAS31119_sess-d0069_T1w.nii,Dataset/OASIS_BET/sub-OAS31119_sess-d0069_T1w.nii
sub-OAS31120_sess-d0119_T1w.nii,Dataset/OASIS_BET/sub-OAS31120_sess-d0119_T1w.nii
sub-OAS31123_sess-d0078_T1w.nii,Dataset/OASIS_BET/sub-OAS31123_sess-d0078_T1w.nii
sub-OAS31124_sess-d0436_T1w.nii,Dataset/OASIS_BET/sub-OAS31124_sess-d0436_T1w.nii
sub-OAS31125_sess-d0049_run-01_T1w.nii,Dataset/OASIS_BET/sub-OAS31125_sess-d0049_run-01_T1w.nii
sub-OAS31127_sess-d0123_run-01_T1w.nii,Dataset/OASIS_BET/sub-OAS31127_sess-d0123_run-01_T1w.nii
sub-OAS31128_sess-d0673_run-01_T1w.nii,Dataset/OASIS_BET/sub-OAS31128_sess-d0673_run-01_T1w.nii
sub-OAS31131_sess-d0101_T1w.nii,Dataset/OASIS_BET/sub-OAS31131_sess-d0101_T1w.nii
sub-OAS31133_sess-d0000_run-01_T1w.nii,Dataset/OASIS_BET/sub-OAS31133_sess-d0000_run-01_T1w.nii
sub-OAS31136_sess-d0156_T1w.nii,Dataset/OASIS_BET/sub-OAS31136_sess-d0156_T1w.nii
sub-OAS31137_sess-d3443_T1w.nii,Dataset/OASIS_BET/sub-OAS31137_sess-d3443_T1w.nii
sub-OAS31138_sess-d0487_T1w.nii,Dataset/OASIS_BET/sub-OAS31138_sess-d0487_T1w.nii
sub-OAS31139_sess-d0533_T1w.nii,Dataset/OASIS_BET/sub-OAS31139_sess-d0533_T1w.nii
sub-OAS31140_sess-d0332_run-01_T1w.nii,Dataset/OASIS_BET/sub-OAS31140_sess-d0332_run-01_T1w.nii
sub-OAS31143_sess-d0109_run-01_T1w.nii,Dataset/OASIS_BET/sub-OAS31143_sess-d0109_run-01_T1w.nii
sub-OAS31145_sess-d0483_run-01_T1w.nii,Dataset/OASIS_BET/sub-OAS31145_sess-d0483_run-01_T1w.nii
sub-OAS31146_sess-d0073_T1w.nii,Dataset/OASIS_BET/sub-OAS31146_sess-d0073_T1w.nii
sub-OAS31147_sess-d0147_T1w.nii,Dataset/OASIS_BET/sub-OAS31147_sess-d0147_T1w.nii
sub-OAS31148_sess-d0254_T1w.nii,Dataset/OASIS_BET/sub-OAS31148_sess-d0254_T1w.nii
sub-OAS31149_sess-d0061_T1w.nii,Dataset/OASIS_BET/sub-OAS31149_sess-d0061_T1w.nii
sub-OAS31150_sess-d1416_T1w.nii,Dataset/OASIS_BET/sub-OAS31150_sess-d1416_T1w.nii
sub-OAS31152_sess-d0092_T1w.nii,Dataset/OASIS_BET/sub-OAS31152_sess-d0092_T1w.nii
sub-OAS31153_sess-d0771_T1w.nii,Dataset/OASIS_BET/sub-OAS31153_sess-d0771_T1w.nii
sub-OAS31154_sess-d0034_T1w.nii,Dataset/OASIS_BET/sub-OAS31154_sess-d0034_T1w.nii
sub-OAS31157_sess-d1361_T1w.nii,Dataset/OASIS_BET/sub-OAS31157_sess-d1361_T1w.nii
sub-OAS31158_sess-d0029_run-01_T1w.nii,Dataset/OASIS_BET/sub-OAS31158_sess-d0029_run-01_T1w.nii
sub-OAS31159_sess-d0074_run-01_T1w.nii,Dataset/OASIS_BET/sub-OAS31159_sess-d0074_run-01_T1w.nii
sub-OAS31160_sess-d6062_T1w.nii,Dataset/OASIS_BET/sub-OAS31160_sess-d6062_T1w.nii
sub-OAS31161_sess-d0056_T1w.nii,Dataset/OASIS_BET/sub-OAS31161_sess-d0056_T1w.nii
sub-OAS31164_sess-d0069_run-01_T1w.nii,Dataset/OASIS_BET/sub-OAS31164_sess-d0069_run-01_T1w.nii
sub-OAS31165_sess-d0426_run-01_T1w.nii,Dataset/OASIS_BET/sub-OAS31165_sess-d0426_run-01_T1w.nii
sub-OAS31166_sess-d0947_T1w.nii,Dataset/OASIS_BET/sub-OAS31166_sess-d0947_T1w.nii
sub-OAS31168_sess-d0148_run-01_T1w.nii,Dataset/OASIS_BET/sub-OAS31168_sess-d0148_run-01_T1w.nii
sub-OAS31170_sess-d2410_T1w.nii,Dataset/OASIS_BET/sub-OAS31170_sess-d2410_T1w.nii
sub-OAS31172_sess-d0407_run-01_T1w.nii,Dataset/OASIS_BET/sub-OAS31172_sess-d0407_run-01_T1w.nii
